Rooster Mountain 2026 - Handgun
Printed: Jul 31, 2026 16:51:16
#144 Meyer, Andre
Division Production Optics Class U Category S. Senior Factor Minor Squad 36
Stage Factor PTS A C D Ded. MI NS PE Time
1 3.7402 110 19 5 0 0 0 0 0 29.41
2 5.7174 53 10 1 0 0 0 0 0 9.27
3 4.2395 114 21 3 0 0 0 0 0 26.89
4 5.7186 152 28 4 0 0 0 0 0 26.58
5 4.1683 108 18 6 0 0 0 0 0 25.91
6 5.2275 54 9 3 0 0 0 0 0 10.33
7 4.5218 148 27 4 1 0 0 0 0 32.73
8 5.9752 53 10 1 0 0 0 0 0 8.87
9 3.6873 108 18 6 0 0 0 0 0 29.29
10 4.4672 109 20 3 0 0 0 0 0 24.40
11 2.7061 43 8 1 0 0 0 0 0 15.89
12 3.9699 58 11 1 0 0 0 0 0 14.61
13 3.9829 131 22 6 3 0 1 0 0 30.38
14 5.2465 116 22 2 0 0 0 0 0 22.11
15 2.4204 105 19 3 1 0 1 0 0 39.25
16 3.5055 58 11 1 0 0 0 2 0 10.84
17 3.6634 47 8 2 1 0 1 0 0 10.10
18 4.2707 53 10 1 0 0 0 0 0 12.41
19 5.1887 44 7 3 0 0 0 0 0 8.48
#150 Prothmann, Marcus
Division Production Class U Category Senior Factor Minor Squad 36
Stage Factor PTS A C D Ded. MI NS PE Time
1 3.2083 112 20 4 0 0 0 0 0 34.91
2 4.8757 51 9 2 0 0 0 0 0 10.46
3 4.1199 110 19 5 0 0 0 0 0 26.70
4 3.9941 145 26 5 0 0 1 0 0 33.80
5 3.5411 100 14 10 0 0 0 0 0 28.24
6 4.3141 50 7 5 0 0 0 0 0 11.59
7 4.2017 140 24 6 2 0 0 0 0 33.32
8 3.2754 49 8 3 0 0 0 0 0 14.96
9 3.1662 108 18 6 0 0 0 0 0 34.11
10 3.9898 109 20 3 0 0 0 0 0 27.32
11 2.0747 30 4 3 1 0 1 0 0 9.64
12 0.6118 41 7 2 0 0 3 0 0 17.98
13 4.3671 148 26 6 0 0 0 0 0 33.89
14 4.1284 108 18 6 0 0 0 0 0 26.16
15 1.9106 88 14 5 3 0 2 0 0 35.59
16 3.9764 54 9 3 0 0 0 0 0 13.58
17 4.2523 60 12 0 0 0 0 0 0 14.11
18 2.9733 49 8 3 0 0 0 0 0 16.48
19 3.8698 44 7 3 0 0 0 0 0 11.37
Printed Jul 31, 2026 16:51:16 ESS - Electronic Scoring System 1 of 65
Rooster Mountain 2026 - Handgun
Printed: Jul 31, 2026 16:51:16
#182 Kitzmann, Robert
Division Production Class U Category Factor Minor Squad 36
Stage Factor PTS A C D Ded. MI NS PE Time
1 0.0000 90 18 0 0 0 6 1 2 27.50
2 4.3640 47 7 4 0 0 0 0 0 10.77
3 2.3655 102 17 5 2 0 0 0 0 43.12
4 2.6092 136 26 2 0 0 4 0 1 32.96
5 3.3190 108 18 6 0 0 0 0 0 32.54
6 4.3408 54 9 3 0 0 0 0 0 12.44
7 3.7414 135 21 10 0 0 1 0 0 33.41
8 2.0935 40 7 1 2 0 1 0 0 14.33
9 2.5711 94 14 7 3 0 0 0 0 36.56
10 3.4415 105 19 3 1 0 0 0 0 30.51
11 4.0452 43 8 1 0 0 0 0 0 10.63
12 2.2116 47 7 4 0 0 1 0 0 16.73
13 2.6798 140 25 5 0 0 2 0 0 44.78
14 2.7620 98 16 6 0 0 2 1 0 24.62
15 1.8205 106 21 0 1 0 2 0 0 47.24
16 2.4390 41 4 7 0 0 1 0 0 12.71
17 2.5056 55 11 0 0 0 1 0 0 17.96
18 2.8608 45 7 3 1 0 0 0 0 15.73
19 3.9501 38 4 6 0 0 0 0 0 9.62
#183 Ernst, Christian
Division Optics Class U Category Senior Factor Minor Squad 35
Stage Factor PTS A C D Ded. MI NS PE Time
1 3.2109 104 17 6 1 0 0 0 0 32.39
2 5.9920 45 7 3 1 0 0 0 0 7.51
3 4.1958 108 18 6 0 0 0 0 0 25.74
4 5.1668 144 26 4 2 0 0 0 0 27.87
5 3.7918 102 17 5 2 0 0 0 0 26.90
6 3.3627 42 4 7 1 0 0 0 0 12.49
7 4.5187 138 21 11 0 0 0 0 0 30.54
8 3.5294 51 9 2 0 0 0 0 0 14.45
9 3.7545 104 16 8 0 0 0 0 0 27.70
10 3.6803 105 18 5 0 0 0 0 0 28.53
11 0.7617 27 4 2 1 0 2 0 0 9.19
12 4.6358 56 10 2 0 0 0 0 0 12.08
13 4.1032 140 25 4 3 0 0 0 0 34.12
14 5.1068 110 19 5 0 0 0 0 0 21.54
15 2.5303 94 13 9 2 0 0 0 0 37.15
16 4.2435 46 7 3 2 0 0 0 0 10.84
17 4.7660 56 10 2 0 0 0 0 0 11.75
18 2.8833 41 4 7 0 0 0 0 0 14.22
19 4.4527 48 9 1 0 0 0 0 0 10.78
Printed Jul 31, 2026 16:51:16 ESS - Electronic Scoring System 2 of 65
Rooster Mountain 2026 - Handgun
Printed: Jul 31, 2026 16:51:16
#187 Jansson, Bosse
Division Open Class U Category S. Senior Factor Major Squad 33
Stage Factor PTS A C D Ded. MI NS PE Time
1 3.5346 120 24 0 0 0 0 0 0 33.95
2 6.6085 53 9 2 0 0 0 0 0 8.02
3 5.4731 118 22 2 0 0 0 0 0 21.56
4 4.7546 156 28 4 0 0 0 0 0 32.81
5 3.7940 112 18 5 1 0 0 0 0 29.52
6 4.7500 57 9 3 0 0 0 0 0 12.00
7 3.8069 153 25 7 0 0 0 0 0 40.19
8 5.2993 54 10 1 0 0 0 0 0 10.19
9 2.6770 118 22 2 0 0 0 0 0 44.08
10 4.7023 109 19 3 1 0 0 0 0 23.18
11 5.2478 36 4 3 2 0 0 0 0 6.86
12 4.8046 59 11 1 0 0 0 0 0 12.28
13 4.3589 154 26 6 0 0 0 0 0 35.33
14 5.0343 110 14 10 0 0 0 0 0 21.85
15 2.2498 116 20 4 0 0 0 0 0 51.56
16 4.1399 58 10 2 0 0 0 0 0 14.01
17 44.6970 59 11 1 0 0 0 0 0 1.32
18 2.6970 51 7 4 0 0 0 0 0 18.91
19 4.5771 46 6 4 0 0 0 0 0 10.05
#201 Otto, Michael
Division Production Optics Class U Category S. Senior Factor Minor Squad 36
Stage Factor PTS A C D Ded. MI NS PE Time
1 3.1368 100 16 6 2 0 0 0 0 31.88
2 4.1732 53 10 1 0 0 0 0 0 12.70
3 1.5817 109 20 3 0 0 1 0 0 62.59
4 3.9908 156 30 2 0 0 0 0 0 39.09
5 3.6177 106 19 3 2 0 0 0 0 29.30
6 3.8889 56 10 2 0 0 0 0 0 14.40
7 3.8880 150 27 5 0 0 0 0 0 38.58
8 2.2222 53 10 1 0 0 0 0 0 23.85
9 2.7551 98 16 5 3 0 0 0 0 35.57
10 3.4430 113 22 1 0 0 0 0 0 32.82
11 0.7082 30 4 3 1 0 1 1 0 14.12
12 2.2752 52 9 2 1 0 0 1 0 18.46
13 1.7673 115 20 4 3 0 5 0 0 36.78
14 3.5819 98 15 7 2 0 0 0 0 27.36
15 2.3910 96 14 8 2 0 0 0 0 40.15
16 4.0784 52 9 2 1 0 0 0 0 12.75
17 3.5667 54 10 1 1 0 0 0 0 15.14
18 2.9930 51 9 2 0 0 0 0 0 17.04
19 3.2609 36 4 5 1 0 0 0 0 11.04
Printed Jul 31, 2026 16:51:16 ESS - Electronic Scoring System 3 of 65
Rooster Mountain 2026 - Handgun
Printed: Jul 31, 2026 16:51:16
#202 jones, Adrian
Division Standard Class U Category S. Senior Factor Minor Squad 32
Stage Factor PTS A C D Ded. MI NS PE Time
1 3.3557 110 19 5 0 0 0 0 0 32.78
2 3.5156 45 7 3 1 0 0 0 0 12.80
3 2.2714 96 15 7 0 0 2 0 0 33.46
4 4.0996 145 28 1 2 0 1 0 0 32.93
5 3.6508 110 20 3 1 0 0 0 0 30.13
6 4.7368 54 9 3 0 0 0 0 0 11.40
7 3.4792 136 22 8 2 0 0 0 0 39.09
8 0.0000 38 7 1 0 0 3 0 1 18.52
9 2.5389 106 18 5 1 0 0 0 0 41.75
10 3.0051 101 17 5 1 0 0 0 0 33.61
11 0.0000 24 4 1 1 0 3 0 1 11.50
12 0.8178 41 7 2 0 0 3 0 0 13.45
13 3.4051 127 21 6 4 0 1 0 0 34.36
14 3.6744 103 17 6 0 0 1 0 0 25.31
15 1.8581 92 15 5 2 0 2 0 0 38.75
16 4.2068 48 6 6 0 0 0 0 0 11.41
17 5.0817 56 10 2 0 0 0 0 0 11.02
18 3.3524 47 8 2 1 0 0 0 0 14.02
19 3.7500 42 7 2 1 0 0 0 0 11.20
#204 Otto, Irina
Division Production Optics Class U Category Lady Senior Factor Minor Squad 36
Stage Factor PTS A C D Ded. MI NS PE Time
1 2.2021 102 17 5 2 0 0 0 0 46.32
2 3.1778 47 8 2 1 0 0 0 0 14.79
3 1.9759 110 19 5 0 0 0 1 0 50.61
4 2.7761 138 22 9 1 0 0 0 0 49.71
5 2.3416 102 17 5 2 0 0 0 0 43.56
6 3.0804 54 9 3 0 0 0 0 0 17.53
7 2.8862 142 24 7 1 0 0 0 0 49.20
8 2.0032 48 9 1 0 0 1 0 0 18.97
9 0.9206 93 14 7 2 0 1 0 0 90.16
10 2.0542 98 16 6 0 0 1 0 0 42.84
11 0.7561 28 5 0 3 0 1 1 0 10.58
12 1.1969 52 9 2 1 0 0 1 0 35.09
13 2.1292 134 24 4 2 0 2 0 0 53.54
14 2.4717 103 17 6 0 0 1 1 0 33.58
15 1.0809 82 12 6 4 0 2 0 0 57.36
16 4.1574 56 10 2 0 0 0 0 0 13.47
17 3.5990 56 10 2 0 0 0 0 0 15.56
18 2.4602 51 9 2 0 0 0 0 0 20.73
19 4.1131 48 9 1 0 0 0 0 0 11.67
Printed Jul 31, 2026 16:51:16 ESS - Electronic Scoring System 4 of 65
Rooster Mountain 2026 - Handgun
Printed: Jul 31, 2026 16:51:16
#218 Vikeby, Rune
Division Standard Class U Category S. Senior Factor Minor Squad 30
Stage Factor PTS A C D Ded. MI NS PE Time
1 3.2952 98 15 7 2 0 0 0 0 29.74
2 5.6667 51 9 2 0 0 0 0 0 9.00
3 3.5358 110 19 5 0 0 0 0 0 31.11
4 5.0443 148 26 6 0 0 0 0 0 29.34
5 3.9152 96 15 6 3 0 0 0 0 24.52
6 5.0535 52 9 2 1 0 0 0 0 10.29
7 4.6526 148 26 6 0 0 0 0 0 31.81
8 3.7118 51 9 2 0 0 0 0 0 13.74
9 3.1521 101 16 7 0 0 1 0 0 28.87
10 3.7455 103 18 4 1 0 0 0 0 27.50
11 5.6319 41 7 2 0 0 0 0 0 7.28
12 4.4362 48 8 2 2 0 0 0 0 10.82
13 3.3672 126 22 4 4 0 2 0 0 31.48
14 3.9387 90 10 13 1 0 0 0 0 22.85
15 1.8981 103 20 1 0 0 3 0 0 38.46
16 5.3279 52 8 4 0 0 0 0 0 9.76
17 3.6721 56 10 2 0 0 0 0 0 15.25
18 3.4789 47 8 2 1 0 0 0 0 13.51
19 4.4257 42 6 4 0 0 0 0 0 9.49
#263 Cowan, David
Division Open Class U Category Grand Senior Factor Major Squad 32
Stage Factor PTS A C D Ded. MI NS PE Time
1 3.7424 111 17 6 1 0 0 0 0 29.66
2 4.3239 55 11 0 0 0 0 0 0 12.72
3 2.3937 104 16 5 2 0 1 0 0 39.27
4 4.1207 147 27 3 0 0 2 0 0 30.82
5 4.1860 108 14 9 1 0 0 0 0 25.80
6 4.6374 55 9 2 1 0 0 0 0 11.86
7 3.8835 136 16 12 4 0 0 0 0 35.02
8 1.4790 49 9 1 0 0 1 0 0 26.37
9 3.3715 109 15 8 1 0 0 0 0 32.33
10 1.7517 101 19 1 1 0 2 0 0 46.24
11 3.4188 32 4 1 4 0 0 0 0 9.36
12 4.6607 57 9 3 0 0 0 0 0 12.23
13 3.1677 136 22 5 3 0 2 0 0 36.62
14 5.0045 111 17 6 1 0 0 0 0 22.18
15 1.6522 91 11 8 2 0 3 0 0 36.92
16 4.0520 53 7 4 1 0 0 0 0 13.08
17 4.1018 58 10 2 0 0 0 0 0 14.14
18 2.4965 46 6 4 0 0 1 0 0 14.42
19 4.7764 47 7 3 0 0 0 0 0 9.84
Printed Jul 31, 2026 16:51:16 ESS - Electronic Scoring System 5 of 65
Rooster Mountain 2026 - Handgun
Printed: Jul 31, 2026 16:51:16
#270 Myrvang, Folke
Division Production Class U Category S. Senior Factor Minor Squad 30
Stage Factor PTS A C D Ded. MI NS PE Time
1 3.8796 116 22 2 0 0 0 0 0 29.90
2 6.0945 49 8 3 0 0 0 0 0 8.04
3 4.4961 116 22 2 0 0 0 0 0 25.80
4 5.1232 158 31 1 0 0 0 0 0 30.84
5 4.1953 110 19 5 0 0 0 0 0 26.22
6 5.2156 52 8 4 0 0 0 0 0 9.97
7 4.7804 148 26 6 0 0 0 0 0 30.96
8 5.6025 53 10 1 0 0 0 0 0 9.46
9 3.2889 106 18 5 1 0 0 0 0 32.23
10 4.7896 107 20 2 1 0 0 0 0 22.34
11 6.6052 43 8 1 0 0 0 0 0 6.51
12 4.2553 54 9 3 0 0 0 0 0 12.69
13 4.5274 148 27 4 1 0 0 0 0 32.69
14 4.8434 116 22 2 0 0 0 0 0 23.95
15 2.5659 110 20 3 1 0 0 0 0 42.87
16 5.9765 56 10 2 0 0 0 0 0 9.37
17 5.0633 56 10 2 0 0 0 0 0 11.06
18 4.6614 53 10 1 0 0 0 0 0 11.37
19 5.2231 48 9 1 0 0 0 0 0 9.19
#291 Westerlund, Kent
Division Standard Class U Category Senior Factor Major Squad 37
Stage Factor PTS A C D Ded. MI NS PE Time
1 3.4684 107 15 7 2 0 0 0 0 30.85
2 6.3830 54 10 1 0 0 0 0 0 8.46
3 2.3671 103 17 4 1 0 2 1 0 30.84
4 5.2847 155 29 2 1 0 0 0 0 29.33
5 3.3622 111 21 1 1 0 1 0 0 30.04
6 4.7460 57 9 3 0 0 0 0 0 12.01
7 5.1794 153 25 7 0 0 0 0 0 29.54
8 4.4789 52 10 0 1 0 0 0 0 11.61
9 3.1036 105 19 1 3 0 1 0 0 30.61
10 4.4048 111 21 1 1 0 0 0 0 25.20
11 6.9841 44 8 1 0 0 0 0 0 6.30
12 4.4328 59 11 1 0 0 0 0 0 13.31
13 4.3106 151 25 6 1 0 0 0 0 35.03
14 4.1950 94 12 7 3 0 2 0 0 17.64
15 1.9180 100 16 4 2 0 2 0 0 41.71
16 6.7536 57 9 3 0 0 0 0 0 8.44
17 5.5140 59 11 1 0 0 0 0 0 10.70
18 3.9405 53 9 2 0 0 0 0 0 13.45
19 5.5172 48 8 2 0 0 0 0 0 8.70
Printed Jul 31, 2026 16:51:16 ESS - Electronic Scoring System 6 of 65
Rooster Mountain 2026 - Handgun
Printed: Jul 31, 2026 16:51:16
#296 Nyhus, Oscar
Division Standard Class U Category Senior Factor Minor Squad 30
Stage Factor PTS A C D Ded. MI NS PE Time
1 4.0152 116 22 2 0 0 0 0 0 28.89
2 3.5016 53 10 1 0 0 0 1 0 12.28
3 4.4584 114 21 3 0 0 0 0 0 25.57
4 5.0198 152 28 4 0 0 0 0 0 30.28
5 4.0756 110 19 5 0 0 0 0 0 26.99
6 5.3763 60 12 0 0 0 0 0 0 11.16
7 4.3774 148 26 6 0 0 0 0 0 33.81
8 4.0531 55 11 0 0 0 0 0 0 13.57
9 3.0255 105 18 5 0 0 1 0 0 31.40
10 3.7665 111 21 2 0 0 0 0 0 29.47
11 4.7436 37 6 2 1 0 0 0 0 7.80
12 3.4177 54 9 3 0 0 0 0 0 15.80
13 4.1559 139 24 6 1 0 1 0 0 31.04
14 4.0738 106 18 5 1 0 0 0 0 26.02
15 3.1056 110 20 3 1 0 0 0 0 35.42
16 3.5510 41 5 5 1 0 1 0 0 8.73
17 4.3956 56 10 2 0 0 0 0 0 12.74
18 3.4836 51 9 2 0 0 0 0 0 14.64
19 5.3593 44 7 3 0 0 0 0 0 8.21
#300 Nyhus, Tone Elisabeth Olsen
Division Production Optics Class U Category Lady Senior Factor Minor Squad 30
Stage Factor PTS A C D Ded. MI NS PE Time
1 1.8813 101 16 7 0 0 1 0 0 48.37
2 3.1410 49 9 1 1 0 0 0 0 15.60
3 1.9886 114 21 3 0 0 0 2 0 47.27
4 2.8025 154 29 3 0 0 0 0 0 54.95
5 2.1636 97 17 3 3 0 1 0 0 40.21
6 2.7807 52 9 2 1 0 0 0 0 18.70
7 2.3632 136 22 8 2 0 0 0 0 57.55
8 1.4684 49 9 1 1 0 0 0 0 33.37
9 2.0073 110 19 5 0 0 0 0 0 54.80
10 2.2426 105 18 5 0 0 0 0 0 46.82
11 0.0000 21 4 0 1 0 4 0 0 13.18
12 0.4560 50 10 0 0 0 2 2 0 21.93
13 2.2114 138 25 4 1 0 2 0 0 53.36
14 2.4983 112 20 4 0 0 0 0 0 44.83
15 1.2422 102 19 2 1 0 2 0 0 66.01
16 3.5344 58 11 1 0 0 0 0 0 16.41
17 2.4339 58 11 1 0 0 0 0 0 23.83
18 1.2544 42 6 4 0 0 1 0 0 25.51
19 3.5320 48 9 1 0 0 0 0 0 13.59
Printed Jul 31, 2026 16:51:16 ESS - Electronic Scoring System 7 of 65
Rooster Mountain 2026 - Handgun
Printed: Jul 31, 2026 16:51:16
#314 Ksycki, Andre
Division Production Class U Category Factor Minor Squad 28
Stage Factor PTS A C D Ded. MI NS PE Time
1 4.3252 108 18 6 0 0 0 0 0 24.97
2 7.2902 53 10 1 0 0 0 0 0 7.27
3 4.9090 116 22 2 0 0 0 0 0 23.63
4 3.5754 136 23 7 0 0 2 1 1 26.85
5 4.3702 102 16 7 1 0 0 0 0 23.34
6 6.3084 54 9 3 0 0 0 0 0 8.56
7 4.9803 152 28 4 0 0 0 0 0 30.52
8 3.9135 48 9 1 0 0 1 0 0 9.71
9 3.9076 110 19 5 0 0 0 0 0 28.15
10 4.5159 111 21 2 0 0 0 0 0 24.58
11 5.1034 37 6 2 1 0 0 0 0 7.25
12 4.8430 54 9 3 0 0 0 0 0 11.15
13 4.4515 140 24 6 2 0 0 0 0 31.45
14 5.9655 114 21 3 0 0 0 0 0 19.11
15 2.7613 103 19 2 2 0 1 0 0 33.68
16 6.8027 60 12 0 0 0 0 0 0 8.82
17 4.8544 60 12 0 0 0 0 0 0 12.36
18 4.4348 51 10 0 1 0 0 0 0 11.50
19 4.8969 38 5 4 1 0 0 0 0 7.76
#330 Lee, Kyrre
Division Production Optics Class U Category Senior Factor Minor Squad 26
Stage Factor PTS A C D Ded. MI NS PE Time
1 4.4632 106 17 7 0 0 0 0 0 23.75
2 7.8462 51 9 2 0 0 0 0 0 6.50
3 3.5065 110 19 5 0 0 0 0 0 31.37
4 5.4319 144 25 6 1 0 0 0 0 26.51
5 4.3919 101 18 3 2 0 1 0 0 20.72
6 5.2972 51 9 2 0 0 1 0 0 7.74
7 5.5451 148 27 4 1 0 0 0 0 26.69
8 5.3000 53 10 1 0 0 0 0 0 10.00
9 2.7607 91 12 10 1 0 1 0 0 29.34
10 6.0261 111 21 2 0 0 0 0 0 18.42
11 5.4250 40 8 0 0 0 1 0 0 5.53
12 6.1792 60 12 0 0 0 0 0 0 9.71
13 4.7635 142 24 7 1 0 0 0 0 29.81
14 5.1336 98 14 9 1 0 0 0 0 19.09
15 3.3821 94 15 6 1 0 2 0 0 21.88
16 5.9776 48 6 6 0 0 0 0 0 8.03
17 6.9825 56 10 2 0 0 0 0 0 8.02
18 4.4118 45 7 3 1 0 0 0 0 10.20
19 7.0661 46 8 2 0 0 0 0 0 6.51
Printed Jul 31, 2026 16:51:16 ESS - Electronic Scoring System 8 of 65
Rooster Mountain 2026 - Handgun
Printed: Jul 31, 2026 16:51:16
#339 Prehn, Daniel
Division Classic Class U Category Factor Minor Squad 36
Stage Factor PTS A C D Ded. MI NS PE Time
1 2.7109 99 15 8 0 0 1 0 0 32.83
2 0.8166 47 8 2 1 0 0 1 0 45.31
3 3.0534 116 22 2 0 0 0 0 0 37.99
4 4.1578 156 30 2 0 0 0 0 0 37.52
5 3.7075 108 18 6 0 0 0 0 0 29.13
6 4.6667 56 10 2 0 0 0 0 0 12.00
7 4.0719 154 29 3 0 0 0 0 0 37.82
8 4.7111 53 10 1 0 0 0 0 0 11.25
9 3.3772 118 23 1 0 0 0 0 0 34.94
10 3.8801 101 17 5 1 0 0 0 0 26.03
11 4.2141 37 5 4 0 0 0 0 0 8.78
12 3.7895 54 9 3 0 0 0 0 0 14.25
13 3.2840 122 19 7 6 0 0 0 0 37.15
14 5.0352 100 15 8 1 0 0 0 0 19.86
15 2.3908 91 12 10 1 0 1 0 0 33.88
16 2.7749 47 7 4 0 0 1 1 0 9.73
17 4.0698 56 10 2 0 0 0 0 0 13.76
18 3.6119 51 9 2 0 0 0 0 0 14.12
19 4.8000 42 6 4 0 0 0 0 0 8.75
#341 Prehn, Michaela
Division Standard Class U Category Lady Factor Minor Squad 36
Stage Factor PTS A C D Ded. MI NS PE Time
1 0.5770 77 12 5 2 0 5 0 0 46.79
2 0.7508 45 9 0 0 0 2 1 0 19.98
3 1.2160 92 14 7 1 0 2 0 0 59.21
4 1.6669 134 25 2 3 0 2 0 0 68.39
5 0.6988 81 14 3 2 0 5 0 0 44.36
6 0.0000 29 5 1 1 0 5 0 2 17.17
7 2.3415 130 21 7 4 0 0 0 0 55.52
8 1.2206 41 7 1 3 0 0 0 0 33.59
9 0.6692 74 9 9 2 0 4 0 0 50.81
10 1.4986 107 19 4 0 0 0 0 0 71.40
11 0.0000 33 4 4 1 0 0 4 0 15.20
12 1.4006 45 8 1 2 0 1 0 0 24.99
13 1.2433 115 21 2 4 0 5 0 0 52.28
14 2.0844 95 15 6 2 0 1 0 0 40.78
15 1.1017 92 17 2 1 0 4 0 0 47.20
16 1.2389 41 6 3 2 0 1 1 0 16.95
17 2.6667 60 12 0 0 0 0 0 0 22.50
18 0.9369 49 8 3 0 0 0 0 0 52.30
19 2.3270 38 5 4 1 0 0 0 0 16.33
Printed Jul 31, 2026 16:51:16 ESS - Electronic Scoring System 9 of 65
Rooster Mountain 2026 - Handgun
Printed: Jul 31, 2026 16:51:16
#349 Schou, Michael
Division Production Optics Class U Category Factor Minor Squad 34
Stage Factor PTS A C D Ded. MI NS PE Time
1 2.2175 93 14 7 2 0 1 1 0 32.92
2 7.0423 55 11 0 0 0 0 0 0 7.81
3 2.2121 112 21 2 1 0 0 2 0 41.59
4 3.6434 151 29 2 0 0 1 0 0 38.70
5 3.5374 99 16 6 1 0 1 0 0 25.16
6 4.1534 52 9 2 1 0 0 0 0 12.52
7 3.7166 150 27 5 0 0 0 0 0 40.36
8 4.4465 49 9 1 1 0 0 0 0 11.02
9 3.3733 104 18 4 2 0 0 0 0 30.83
10 3.9502 111 21 2 0 0 0 0 0 28.10
11 3.8366 31 4 3 2 0 0 0 0 8.08
12 3.0418 56 10 2 0 0 0 0 0 18.41
13 3.8330 134 20 11 1 0 0 0 0 34.96
14 2.8512 89 11 11 1 0 1 1 0 24.20
15 1.3253 82 14 3 3 0 4 0 0 31.69
16 3.3228 52 8 4 0 0 0 1 0 12.64
17 5.4665 58 11 1 0 0 0 0 0 10.61
18 0.8604 38 5 4 1 0 1 1 0 20.92
19 1.9495 27 2 5 2 0 1 0 0 8.72
#350 Schou, Freya
Division Production Class U Category S. Junior Factor Minor Squad 34
Stage Factor PTS A C D Ded. MI NS PE Time
1 2.0688 88 13 7 2 0 2 0 0 32.87
2 3.2412 44 7 3 0 0 1 0 0 10.49
3 3.0141 96 15 6 3 0 0 0 0 31.85
4 4.7095 154 30 1 1 0 0 0 0 32.70
5 2.8522 82 10 9 5 0 0 0 0 28.75
6 4.3178 50 7 5 0 0 0 0 0 11.58
7 4.1679 142 24 7 1 0 0 0 0 34.07
8 4.3702 51 10 0 1 0 0 0 0 11.67
9 2.5986 97 15 7 1 0 1 0 0 33.48
10 3.5560 107 19 4 0 0 0 0 0 30.09
11 1.4245 35 7 0 0 0 2 0 0 10.53
12 2.4136 47 8 2 1 0 1 0 0 15.33
13 2.3635 117 19 6 4 0 3 0 0 36.81
14 3.3708 91 11 12 0 0 1 0 0 24.03
15 0.9966 72 10 6 4 0 4 0 0 32.11
16 2.4213 50 7 5 0 0 0 1 0 16.52
17 3.8435 56 10 2 0 0 0 0 0 14.57
18 3.0217 53 10 1 0 0 0 0 0 17.54
19 3.1359 36 4 5 1 0 0 0 0 11.48
Printed Jul 31, 2026 16:51:16 ESS - Electronic Scoring System 10 of 65
Rooster Mountain 2026 - Handgun
Printed: Jul 31, 2026 16:51:16
#352 Jansson, Göran
Division Open Class U Category Grand Senior Factor Major Squad 37
Stage Factor PTS A C D Ded. MI NS PE Time
1 1.6081 94 14 5 2 0 3 1 0 33.58
2 5.1307 53 9 2 0 0 0 0 0 10.33
3 1.3296 92 10 10 1 0 3 0 0 46.63
4 1.5709 130 24 2 1 0 5 1 0 44.56
5 4.0470 117 21 3 0 0 0 0 0 28.91
6 4.8133 58 10 2 0 0 0 0 0 12.05
7 3.9988 149 25 6 0 0 1 0 0 34.76
8 4.6980 49 7 3 1 0 0 0 0 10.43
9 2.5351 101 13 7 4 0 0 0 0 39.84
10 2.0072 106 14 9 0 0 0 0 0 52.81
11 3.7516 39 7 1 0 0 1 0 0 7.73
12 3.4591 55 7 5 0 0 0 0 0 15.90
13 2.1518 126 22 3 2 0 5 0 0 35.32
14 3.3775 102 8 15 1 0 0 0 0 30.20
15 1.9653 96 12 8 2 0 2 0 0 38.67
16 3.9474 54 8 3 1 0 0 0 0 13.68
17 2.7163 54 6 6 0 0 0 0 0 19.88
18 0.0000 29 3 3 1 0 4 1 0 26.10
19 4.8731 48 8 2 0 0 0 0 0 9.85
#353 Hoiss, Michael
Division Classic Class U Category Factor Minor Squad 28
Stage Factor PTS A C D Ded. MI NS PE Time
1 3.0093 104 18 4 2 0 0 0 0 34.56
2 5.0725 49 8 3 0 0 0 0 0 9.66
3 2.9385 96 14 8 2 0 0 0 0 32.67
4 4.6465 140 22 10 0 0 0 0 0 30.13
5 4.2970 114 22 1 1 0 0 0 0 26.53
6 5.1639 52 9 2 1 0 0 0 0 10.07
7 4.8015 150 27 5 0 0 0 0 0 31.24
8 4.9180 51 9 2 0 0 0 0 0 10.37
9 3.5110 110 19 5 0 0 0 0 0 31.33
10 4.4525 111 21 2 0 0 0 0 0 24.93
11 5.3867 39 7 1 1 0 0 0 0 7.24
12 3.5398 48 8 2 2 0 0 0 0 13.56
13 5.1877 152 28 4 0 0 0 0 0 29.30
14 2.4032 84 10 11 1 0 2 0 1 22.47
15 2.7375 95 14 8 1 0 1 0 0 31.05
16 4.5283 48 7 4 1 0 0 0 0 10.60
17 5.4711 54 9 3 0 0 0 0 0 9.87
18 3.1200 39 4 6 1 0 0 0 0 12.50
19 4.3979 42 6 4 0 0 0 0 0 9.55
Printed Jul 31, 2026 16:51:16 ESS - Electronic Scoring System 11 of 65
Rooster Mountain 2026 - Handgun
Printed: Jul 31, 2026 16:51:16
#355 Stejcon, Hans
Division Classic Class U Category Factor Minor Squad 38
Stage Factor PTS A C D Ded. MI NS PE Time
1 2.0746 104 17 6 1 0 0 0 0 50.13
2 4.8758 53 10 1 0 0 0 0 0 10.87
3 2.5978 105 18 5 0 0 1 0 0 36.57
4 2.6399 123 19 9 1 0 3 0 1 31.44
5 3.0744 105 18 5 0 0 1 0 0 30.90
6 2.7673 44 6 4 2 0 0 0 0 15.90
7 3.3378 124 16 14 2 0 0 0 0 37.15
8 1.9943 49 8 3 0 0 0 0 0 24.57
9 0.9434 85 15 3 1 0 5 0 0 37.10
10 2.9790 109 20 3 0 0 0 0 0 36.59
11 5.2209 39 6 3 0 0 0 0 0 7.47
12 1.3495 48 7 4 1 0 0 0 0 35.57
13 2.5656 119 19 7 3 0 3 0 0 34.69
14 2.6876 87 14 4 5 0 1 0 0 28.65
15 1.6662 86 12 8 2 0 2 0 0 39.61
16 3.3856 54 9 3 0 0 0 0 0 15.95
17 3.3016 52 8 4 0 0 0 0 0 15.75
18 2.7060 45 6 5 0 0 0 0 0 16.63
19 3.5581 38 5 4 1 0 0 0 0 10.68
#362 Schnoor, Oliver
Division Standard Class U Category Senior Factor Minor Squad 28
Stage Factor PTS A C D Ded. MI NS PE Time
1 3.3849 94 13 9 2 0 0 0 0 27.77
2 5.9955 53 10 1 0 0 0 0 0 8.84
3 3.3365 104 17 6 1 0 0 0 0 31.17
4 5.5152 152 28 4 0 0 0 0 0 27.56
5 3.8839 97 17 3 3 0 1 0 0 22.40
6 5.8333 56 10 2 0 0 0 0 0 9.60
7 4.6892 132 20 10 2 0 0 0 0 28.15
8 2.6573 48 9 1 0 0 1 0 0 14.30
9 3.8477 96 14 8 2 0 0 0 0 24.95
10 4.0017 95 16 4 3 0 0 0 0 23.74
11 4.8409 35 5 3 1 0 0 0 0 7.23
12 4.1475 54 10 1 1 0 0 0 0 13.02
13 5.2383 144 25 6 1 0 0 0 0 27.49
14 4.9242 114 21 3 0 0 0 1 0 21.12
15 2.5982 90 11 11 2 0 0 1 0 30.79
16 4.5407 53 10 1 0 0 1 0 0 9.47
17 5.8947 56 10 2 0 0 0 0 0 9.50
18 4.4932 43 5 6 0 0 0 0 0 9.57
19 3.8532 42 6 4 0 0 0 0 0 10.90
Printed Jul 31, 2026 16:51:16 ESS - Electronic Scoring System 12 of 65
Rooster Mountain 2026 - Handgun
Printed: Jul 31, 2026 16:51:16
#363 Arnold, Alain
Division Production Class U Category Factor Minor Squad 27
Stage Factor PTS A C D Ded. MI NS PE Time
1 3.1509 114 21 3 0 0 0 0 0 36.18
2 4.3584 46 8 2 0 0 1 0 0 8.26
3 3.4249 116 22 2 0 0 0 0 0 33.87
4 4.7263 149 28 3 0 0 1 0 0 29.41
5 3.6338 104 17 6 1 0 0 0 0 28.62
6 4.9477 52 8 4 0 0 0 0 0 10.51
7 4.3732 150 27 5 0 0 0 0 0 34.30
8 3.7775 55 11 0 0 0 0 0 0 14.56
9 3.2690 100 15 8 1 0 0 0 0 30.59
10 4.4158 113 22 1 0 0 0 0 0 25.59
11 3.5388 41 7 2 0 0 0 1 0 8.76
12 2.0265 46 9 0 1 0 2 0 0 12.83
13 3.0049 126 22 5 1 0 4 0 0 28.62
14 4.6296 110 19 5 0 0 0 0 0 23.76
15 2.2677 102 19 2 1 0 2 0 0 36.16
16 5.5814 48 6 6 0 0 0 0 0 8.60
17 3.2445 56 10 2 0 0 0 0 0 17.26
18 3.9080 51 9 2 0 0 0 0 0 13.05
19 4.8988 46 8 2 0 0 0 0 0 9.39
#364 Sand, Lars B
Division Production Optics Class U Category Senior Factor Minor Squad 26
Stage Factor PTS A C D Ded. MI NS PE Time
1 1.7593 83 11 8 4 0 1 1 0 35.81
2 4.0833 49 8 3 0 0 0 0 0 12.00
3 2.6281 99 16 6 1 0 1 1 0 30.06
4 3.0189 144 27 3 0 0 2 2 0 34.45
5 1.7660 86 11 10 1 0 2 1 0 31.71
6 3.4783 52 8 4 0 0 0 0 0 14.95
7 2.8327 129 19 11 1 0 1 0 0 42.01
8 2.6786 51 9 2 0 0 0 0 0 19.04
9 1.9580 90 12 10 0 0 2 0 0 35.75
10 3.4622 103 18 4 1 0 0 0 0 29.75
11 2.3454 32 5 2 1 0 1 0 0 9.38
12 2.7027 50 7 5 0 0 0 1 0 14.80
13 3.4107 144 24 8 0 0 0 0 0 42.22
14 3.2177 90 10 13 1 0 0 0 0 27.97
15 2.2588 91 12 10 1 0 1 0 0 35.86
16 2.0202 48 6 6 0 0 0 2 0 13.86
17 3.9409 56 10 2 0 0 0 0 0 14.21
18 0.3621 37 5 4 0 0 2 1 0 19.33
19 3.1690 36 3 7 0 0 0 0 0 11.36
Printed Jul 31, 2026 16:51:16 ESS - Electronic Scoring System 13 of 65
Rooster Mountain 2026 - Handgun
Printed: Jul 31, 2026 16:51:16
#365 Arnold, Tanja
Division Production Class U Category Lady Factor Minor Squad 33
Stage Factor PTS A C D Ded. MI NS PE Time
1 3.0096 110 19 5 0 0 0 0 0 36.55
2 4.0323 45 8 1 2 0 0 0 0 11.16
3 2.0771 107 19 4 0 0 1 0 0 46.70
4 3.1865 154 29 3 0 0 0 1 0 45.19
5 3.6613 112 20 4 0 0 0 0 0 30.59
6 3.8564 58 11 1 0 0 0 0 0 15.04
7 3.5503 150 27 5 0 0 0 0 0 42.25
8 3.3934 49 8 3 0 0 0 0 0 14.44
9 2.4384 100 15 8 1 0 0 0 0 41.01
10 4.1713 113 22 1 0 0 0 0 0 27.09
11 3.1125 39 7 1 1 0 0 0 0 12.53
12 2.9728 58 11 1 0 0 0 0 0 19.51
13 2.7751 134 23 6 1 0 2 0 0 41.08
14 3.2526 94 14 7 3 0 0 0 0 28.90
15 1.7743 106 20 2 0 0 2 0 0 48.47
16 5.2679 58 11 1 0 0 0 0 0 11.01
17 3.9344 60 12 0 0 0 0 0 0 15.25
18 2.9105 53 10 1 0 0 0 0 0 18.21
19 3.7674 46 8 2 0 0 0 0 0 12.21
#366 Hehn, Ralf
Division Standard Class U Category Factor Minor Squad 26
Stage Factor PTS A C D Ded. MI NS PE Time
1 3.7458 112 20 4 0 0 0 0 0 29.90
2 6.4557 51 9 2 0 0 0 0 0 7.90
3 4.0531 110 19 5 0 0 0 0 0 27.14
4 3.2036 127 19 10 2 0 1 1 0 33.40
5 3.9435 106 17 7 0 0 0 0 0 26.88
6 4.8945 58 11 1 0 0 0 0 0 11.85
7 4.2831 138 23 7 2 0 0 0 0 32.22
8 3.6740 55 11 0 0 0 0 0 0 14.97
9 3.3149 102 16 7 1 0 0 0 0 30.77
10 3.4112 111 21 2 0 0 0 0 0 32.54
11 0.9845 27 4 2 1 0 2 0 0 7.11
12 4.6326 58 11 1 0 0 0 0 0 12.52
13 4.5654 156 30 2 0 0 0 0 0 34.17
14 4.6470 104 16 8 0 0 0 0 0 22.38
15 3.0331 98 15 7 2 0 0 0 0 32.31
16 5.2205 58 11 1 0 0 0 0 0 11.11
17 4.3097 54 9 3 0 0 0 0 0 12.53
18 3.3607 45 6 5 0 0 0 0 0 13.39
19 4.8565 44 7 3 0 0 0 0 0 9.06
Printed Jul 31, 2026 16:51:16 ESS - Electronic Scoring System 14 of 65
Rooster Mountain 2026 - Handgun
Printed: Jul 31, 2026 16:51:16
#374 Oelte, Reimar
Division Open Class U Category Senior Factor Major Squad 32
Stage Factor PTS A C D Ded. MI NS PE Time
1 3.8105 111 17 6 1 0 0 0 0 29.13
2 3.6176 52 8 3 0 0 0 1 0 11.61
3 2.6725 111 17 6 1 0 0 2 0 34.05
4 5.2758 154 26 6 0 0 0 0 0 29.19
5 3.6721 112 18 5 1 0 0 0 0 30.50
6 4.7310 51 7 3 2 0 0 0 0 10.78
7 4.9228 153 27 4 1 0 0 0 0 31.08
8 2.9589 49 7 3 1 0 0 0 0 16.56
9 3.6585 111 19 3 2 0 0 0 0 30.34
10 4.0242 113 21 2 0 0 0 0 0 28.08
11 6.6007 40 6 2 1 0 0 0 0 6.06
12 3.5714 52 8 3 0 0 1 0 0 11.76
13 5.4137 159 31 1 0 0 0 0 0 29.37
14 5.6012 109 13 11 0 0 0 0 0 19.46
15 1.6326 101 17 4 0 0 3 0 0 43.49
16 4.9873 59 11 1 0 0 0 0 0 11.83
17 5.1282 56 8 4 0 0 0 0 0 10.92
18 2.6504 47 7 3 0 0 1 0 0 13.96
19 4.6720 47 7 3 0 0 0 0 0 10.06
#375 Johnsen, Øivind
Division Open Class U Category S. Senior Factor Major Squad 37
Stage Factor PTS A C D Ded. MI NS PE Time
1 3.2172 106 14 9 0 0 1 0 0 29.84
2 5.0562 54 10 1 0 0 0 0 0 10.68
3 4.2357 110 14 10 0 0 0 0 0 25.97
4 5.1273 147 21 10 1 0 0 0 0 28.67
5 4.2815 115 19 5 0 0 0 0 0 26.86
6 5.5089 59 11 1 0 0 0 0 0 10.71
7 4.5131 152 24 8 0 0 0 0 0 33.68
8 4.7120 54 10 1 0 0 0 0 0 11.46
9 3.8359 115 19 5 0 0 0 0 0 29.98
10 4.5741 109 19 3 1 0 0 0 0 23.83
11 4.5045 35 5 2 1 0 1 0 0 5.55
12 4.0637 51 7 3 2 0 0 0 0 12.55
13 4.5106 147 21 10 1 0 0 0 0 32.59
14 5.1259 112 16 8 0 0 0 0 0 21.85
15 2.2115 102 16 4 3 0 1 0 0 41.60
16 5.5394 57 9 3 0 0 0 0 0 10.29
17 2.2727 54 8 3 1 0 0 0 0 23.76
18 3.0248 50 8 2 1 0 0 0 0 16.53
19 4.4955 45 5 5 0 0 0 0 0 10.01
Printed Jul 31, 2026 16:51:16 ESS - Electronic Scoring System 15 of 65
Rooster Mountain 2026 - Handgun
Printed: Jul 31, 2026 16:51:16
#378 Schnoor, Olaf
Division Production Class U Category Senior Factor Minor Squad 28
Stage Factor PTS A C D Ded. MI NS PE Time
1 2.8178 88 12 8 4 0 0 0 0 31.23
2 5.0296 51 9 2 0 0 0 0 0 10.14
3 2.1824 105 18 5 0 0 1 0 0 43.53
4 2.2646 126 21 7 0 0 4 0 1 33.56
5 1.7979 90 15 5 0 0 4 0 0 27.81
6 4.0757 56 10 2 0 0 0 0 0 13.74
7 2.5823 121 18 10 1 0 3 0 0 35.24
8 3.0965 51 10 0 1 0 0 0 0 16.47
9 2.4587 83 11 8 4 0 1 0 0 29.69
10 2.9678 105 18 5 0 0 0 0 0 35.38
11 3.7961 35 5 3 1 0 0 0 0 9.22
12 1.9656 44 8 1 1 0 2 0 0 12.21
13 3.0142 122 20 6 4 0 2 0 0 33.84
14 2.7962 79 10 8 5 0 1 1 0 21.10
15 1.8021 95 16 5 0 0 3 0 0 36.07
16 4.3756 48 6 6 0 0 0 0 0 10.97
17 4.3155 58 11 1 0 0 0 0 0 13.44
18 3.4803 45 8 1 2 0 0 0 0 12.93
19 3.9766 34 3 6 1 0 0 0 0 8.55
#379 Styra, Lukasz
Division Standard Class U Category Factor Major Squad 28
Stage Factor PTS A C D Ded. MI NS PE Time
1 4.0570 111 17 6 1 0 0 0 0 27.36
2 7.8488 54 10 1 0 0 0 0 0 6.88
3 3.3031 100 14 7 1 0 2 0 0 24.22
4 3.6609 134 20 7 3 0 2 0 0 31.14
5 4.8004 105 15 7 1 0 1 0 0 19.79
6 6.5684 49 5 5 2 0 0 0 0 7.46
7 4.4366 139 15 15 2 0 0 0 0 31.33
8 2.3331 46 8 1 1 0 1 0 0 15.43
9 2.2624 90 10 9 2 0 3 0 0 26.52
10 3.9202 110 20 2 1 0 0 0 0 28.06
11 5.2800 43 7 2 0 0 0 1 0 6.25
12 5.5500 55 9 2 1 0 0 0 0 9.91
13 5.1777 144 24 5 2 0 1 0 0 25.88
14 5.2195 107 15 7 2 0 0 0 0 20.50
15 3.7736 108 14 9 1 0 0 0 0 28.62
16 7.4627 55 7 5 0 0 0 0 0 7.37
17 6.0768 57 11 0 1 0 0 0 0 9.38
18 4.1627 44 4 5 2 0 0 0 0 10.57
19 6.3274 46 6 4 0 0 0 0 0 7.27
Printed Jul 31, 2026 16:51:16 ESS - Electronic Scoring System 16 of 65
Rooster Mountain 2026 - Handgun
Printed: Jul 31, 2026 16:51:16
#382 Nybrott, Morten Wessel
Division Production Optics Class U Category Senior Factor Minor Squad 33
Stage Factor PTS A C D Ded. MI NS PE Time
1 2.7152 106 17 7 0 0 0 0 0 39.04
2 4.0622 47 9 0 2 0 0 0 0 11.57
3 3.7774 112 20 4 0 0 0 0 0 29.65
4 3.5938 138 23 7 2 0 0 0 0 38.40
5 3.4357 95 16 4 3 0 1 0 0 24.74
6 4.3893 46 7 3 2 0 0 0 0 10.48
7 3.9620 131 21 8 2 0 1 0 0 30.54
8 2.0071 51 9 2 0 0 0 0 0 25.41
9 2.8381 95 14 8 1 0 1 0 0 29.95
10 3.0523 101 17 5 1 0 0 0 0 33.09
11 2.5614 34 6 1 1 0 1 0 0 9.37
12 1.3380 53 10 1 0 0 1 2 0 17.19
13 2.1381 114 17 9 2 0 4 0 0 34.61
14 2.2239 88 11 11 0 0 2 1 0 26.08
15 1.4899 80 9 11 2 0 2 0 0 40.27
16 3.0303 56 11 0 1 0 0 1 0 15.18
17 4.7002 58 11 1 0 0 0 0 0 12.34
18 2.9697 49 8 3 0 0 0 0 0 16.50
19 3.4884 42 6 4 0 0 0 0 0 12.04
#383 Grainger, David K.
Division Optics Class U Category Factor Minor Squad 27
Stage Factor PTS A C D Ded. MI NS PE Time
1 4.8430 108 18 6 0 0 0 0 0 22.30
2 4.9475 43 6 4 1 0 0 1 0 6.67
3 5.3846 112 20 4 0 0 0 0 0 20.80
4 7.2267 154 29 3 0 0 0 0 0 21.31
5 5.4223 104 18 4 2 0 0 0 0 19.18
6 6.0109 44 5 6 1 0 0 0 0 7.32
7 4.9388 131 20 10 1 0 1 0 0 24.50
8 5.0891 50 10 0 0 0 1 0 0 7.86
9 4.1985 110 19 5 0 0 0 0 0 26.20
10 7.0935 113 22 1 0 0 0 0 0 15.93
11 8.0675 43 8 1 0 0 0 0 0 5.33
12 5.2314 52 9 2 1 0 0 0 0 9.94
13 7.0093 150 28 3 1 0 0 0 0 21.40
14 6.6126 106 19 3 2 0 0 0 0 16.03
15 2.9565 101 19 1 3 0 1 0 0 30.78
16 5.4717 58 11 1 0 0 0 0 0 10.60
17 6.5389 58 11 1 0 0 0 0 0 8.87
18 4.9000 49 8 3 0 0 0 0 0 10.00
19 7.8493 50 10 0 0 0 0 0 0 6.37
Printed Jul 31, 2026 16:51:16 ESS - Electronic Scoring System 17 of 65
Rooster Mountain 2026 - Handgun
Printed: Jul 31, 2026 16:51:16
#384 Poulsen, Kim
Division Optics Class U Category S. Senior Factor Major Squad 27
Stage Factor PTS A C D Ded. MI NS PE Time
1 3.6728 110 14 10 0 0 0 0 0 29.95
2 2.8758 42 6 3 0 0 2 0 0 7.65
3 4.5100 110 16 7 1 0 0 0 0 24.39
4 4.3281 144 24 6 0 0 2 0 0 28.65
5 3.9122 107 15 7 2 0 0 0 0 27.35
6 3.6627 53 9 2 0 0 1 0 0 11.74
7 3.5997 141 19 10 3 0 0 0 0 39.17
8 3.9347 53 9 2 0 0 0 0 0 13.47
9 2.8571 107 13 10 1 0 0 0 0 37.45
10 4.9496 108 18 4 1 0 0 0 0 21.82
11 4.1502 42 6 3 0 0 0 0 0 10.12
12 2.7516 48 6 4 1 0 1 0 0 13.81
13 4.4155 149 25 6 0 0 1 0 0 31.48
14 4.5173 102 12 9 3 0 0 0 0 22.58
15 1.6502 97 13 7 2 0 2 1 0 40.60
16 4.9652 57 9 3 0 0 0 0 0 11.48
17 4.3336 53 7 4 1 0 0 0 0 12.23
18 3.3377 51 7 4 0 0 0 0 0 15.28
19 4.2117 39 3 5 2 0 0 0 0 9.26
#385 Milling, Rasmus
Division Optics Class U Category Factor Minor Squad 39
Stage Factor PTS A C D Ded. MI NS PE Time
1 5.2780 112 20 4 0 0 0 0 0 21.22
2 5.7600 46 8 2 0 0 1 0 0 6.25
3 6.2900 118 23 1 0 0 0 0 0 18.76
4 6.6758 146 26 5 1 0 0 0 0 21.87
5 5.9626 118 23 1 0 0 0 0 0 19.79
6 5.9627 48 7 4 1 0 0 0 0 8.05
7 5.0336 150 27 5 0 0 0 0 0 29.80
8 6.7485 55 11 0 0 0 0 0 0 8.15
9 4.3154 110 19 5 0 0 0 0 0 25.49
10 6.1952 113 22 1 0 0 0 0 0 18.24
11 7.4653 43 8 1 0 0 0 0 0 5.76
12 5.1188 56 10 2 0 0 0 0 0 10.94
13 5.9247 148 26 6 0 0 0 0 0 24.98
14 5.9801 108 18 6 0 0 0 0 0 18.06
15 3.3830 103 18 4 1 0 1 0 0 27.49
16 8.1123 52 8 4 0 0 0 0 0 6.41
17 5.4256 58 11 1 0 0 0 0 0 10.69
18 3.7638 51 9 2 0 0 0 0 0 13.55
19 6.4690 48 9 1 0 0 0 0 0 7.42
Printed Jul 31, 2026 16:51:16 ESS - Electronic Scoring System 18 of 65
Rooster Mountain 2026 - Handgun
Printed: Jul 31, 2026 16:51:16
#386 Daly, Hugh
Division Standard Class U Category S. Senior Factor Major Squad 32
Stage Factor PTS A C D Ded. MI NS PE Time
1 1.4765 94 16 3 1 0 4 0 1 29.80
2 4.7237 53 9 2 0 0 0 0 0 11.22
3 3.0572 106 18 4 0 0 2 0 0 28.13
4 2.7366 135 25 2 1 0 4 0 1 31.06
5 3.8244 115 19 5 0 0 0 0 0 30.07
6 5.2217 53 7 4 1 0 0 0 0 10.15
7 3.9205 148 24 6 2 0 0 0 0 37.75
8 2.9680 52 10 0 1 0 0 0 0 17.52
9 2.6066 106 14 9 0 0 1 0 0 36.83
10 3.4938 108 20 2 0 0 1 0 0 28.05
11 5.0000 38 4 4 1 0 0 0 0 7.60
12 1.1270 45 7 2 1 0 2 1 0 13.31
13 3.5778 151 27 4 0 0 1 0 0 39.41
14 4.1556 110 14 10 0 0 0 0 0 26.47
15 2.8356 109 15 8 1 0 0 0 0 38.44
16 4.8069 56 10 1 1 0 0 0 0 11.65
17 4.6603 59 11 1 0 0 0 0 0 12.66
18 3.6857 53 9 2 0 0 0 0 0 14.38
19 4.4944 44 6 3 1 0 0 0 0 9.79
#387 Keogh, Declan
Division Production Class U Category S. Senior Factor Minor Squad 32
Stage Factor PTS A C D Ded. MI NS PE Time
1 2.0768 100 17 5 0 0 2 0 0 38.52
2 4.1634 53 10 1 0 0 0 0 0 12.73
3 2.4265 109 20 3 0 0 1 0 0 40.80
4 2.9176 140 25 5 0 0 2 0 0 41.13
5 3.0637 114 21 3 0 0 0 0 0 37.21
6 3.3582 54 9 3 0 0 0 0 0 16.08
7 3.2845 130 19 11 2 0 0 0 0 39.58
8 3.3641 51 9 2 0 0 0 0 0 15.16
9 2.4780 104 16 8 0 0 0 0 0 41.97
10 2.9455 101 17 5 1 0 0 0 0 34.29
11 4.3333 39 6 3 0 0 0 0 0 9.00
12 1.4085 45 7 3 1 0 1 0 0 24.85
13 2.4092 130 21 7 4 0 0 0 0 53.96
14 2.8791 90 10 13 1 0 0 0 0 31.26
15 1.6572 90 13 8 1 0 2 0 0 42.24
16 2.4531 34 2 7 3 0 0 0 0 13.86
17 3.1320 56 10 2 0 0 0 0 0 17.88
18 2.3847 45 6 5 0 0 0 0 0 18.87
19 4.0457 46 8 2 0 0 0 0 0 11.37
Printed Jul 31, 2026 16:51:16 ESS - Electronic Scoring System 19 of 65
Rooster Mountain 2026 - Handgun
Printed: Jul 31, 2026 16:51:16
#388 Holm, Kent
Division Standard Class U Category S. Senior Factor Minor Squad 38
Stage Factor PTS A C D Ded. MI NS PE Time
1 2.3355 104 17 6 1 0 0 0 0 44.53
2 2.3048 49 9 1 1 0 0 0 0 21.26
3 2.6099 114 21 3 0 0 0 0 0 43.68
4 3.3372 153 30 1 0 0 1 0 0 42.85
5 2.0171 100 17 5 0 0 2 0 0 39.66
6 3.6115 58 11 1 0 0 0 0 0 16.06
7 3.1616 154 29 3 0 0 0 0 0 48.71
8 2.3703 53 10 1 0 0 0 0 0 22.36
9 1.8228 103 18 4 1 0 1 0 0 51.02
10 2.5267 111 21 2 0 0 0 0 0 43.93
11 0.0000 29 5 1 1 0 2 1 0 11.06
12 1.5221 43 6 4 1 0 1 0 0 21.68
13 3.0554 140 23 8 1 0 0 0 0 45.82
14 2.6543 87 11 10 2 0 1 0 0 29.01
15 1.2876 99 18 3 0 0 3 0 0 53.59
16 3.8251 56 10 2 0 0 0 0 0 14.64
17 3.5587 60 12 0 0 0 0 0 0 16.86
18 2.7834 55 11 0 0 0 0 0 0 19.76
19 3.2993 42 7 2 1 0 0 0 0 12.73
#390 Holbek, Hans Jørgen
Division Production Optics Class U Category Senior Factor Minor Squad 34
Stage Factor PTS A C D Ded. MI NS PE Time
1 2.7968 102 16 7 1 0 0 0 0 36.47
2 6.1481 49 8 3 0 0 0 0 0 7.97
3 3.4817 107 19 4 0 0 1 0 0 27.86
4 5.3252 158 31 1 0 0 0 0 0 29.67
5 2.8889 98 17 4 1 0 2 0 0 27.00
6 5.0352 50 9 1 2 0 0 0 0 9.93
7 4.0829 134 20 11 1 0 0 0 0 32.82
8 4.7992 49 8 3 0 0 0 0 0 10.21
9 3.0562 100 15 8 1 0 0 0 0 32.72
10 4.8187 109 20 3 0 0 0 0 0 22.62
11 5.5487 45 9 0 0 0 0 0 0 8.11
12 2.9603 51 9 2 0 0 1 0 0 13.85
13 3.1420 130 20 10 0 0 2 0 0 35.01
14 4.0353 96 13 10 1 0 0 0 0 23.79
15 2.2710 101 18 3 2 0 1 0 0 40.07
16 5.0224 56 10 2 0 0 0 0 0 11.15
17 5.0744 58 11 1 0 0 0 0 0 11.43
18 3.9627 51 9 2 0 0 0 0 0 12.87
19 4.5596 44 7 3 0 0 0 0 0 9.65
Printed Jul 31, 2026 16:51:16 ESS - Electronic Scoring System 20 of 65
Rooster Mountain 2026 - Handgun
Printed: Jul 31, 2026 16:51:16
#393 Bartelt, Dirk
Division Standard Class U Category S. Senior Factor Minor Squad 28
Stage Factor PTS A C D Ded. MI NS PE Time
1 3.1164 102 16 7 1 0 0 0 0 32.73
2 4.2030 53 10 1 0 0 0 0 0 12.61
3 2.9253 114 22 1 1 0 0 0 0 38.97
4 4.1364 141 24 7 0 0 1 0 0 31.67
5 3.4704 108 18 6 0 0 0 0 0 31.12
6 4.2994 54 10 1 1 0 0 0 0 12.56
7 2.9201 134 23 6 1 0 2 0 0 39.04
8 2.8389 49 9 1 1 0 0 0 0 17.26
9 2.7831 102 16 7 1 0 0 0 0 36.65
10 2.7514 107 19 4 0 0 0 0 0 38.89
11 2.2518 32 5 2 1 0 1 0 0 9.77
12 3.9031 58 11 1 0 0 0 0 0 14.86
13 2.8742 131 23 5 1 0 3 0 0 35.14
14 3.5583 97 15 7 1 0 1 0 0 24.45
15 1.5795 100 19 1 2 0 2 0 0 50.65
16 4.6091 56 10 2 0 0 0 0 0 12.15
17 4.2804 58 11 1 0 0 0 0 0 13.55
18 2.9169 53 10 1 0 0 0 0 0 18.17
19 2.6631 40 5 5 0 0 0 0 0 15.02
#394 Stefansen, Michael
Division Production Class U Category Senior Factor Minor Squad 32
Stage Factor PTS A C D Ded. MI NS PE Time
1 3.6375 112 20 4 0 0 0 0 0 30.79
2 5.8219 51 9 2 0 0 0 0 0 8.76
3 3.2691 112 20 4 0 0 0 0 0 34.26
4 4.8629 143 26 4 1 0 1 0 0 27.35
5 3.8547 104 18 4 2 0 0 0 0 26.98
6 5.9880 60 12 0 0 0 0 0 0 10.02
7 4.9735 150 27 5 0 0 0 0 0 30.16
8 2.9570 55 11 0 0 0 0 0 0 18.60
9 3.0315 89 12 9 2 0 1 0 0 26.06
10 4.6030 109 20 3 0 0 0 0 0 23.68
11 2.2628 36 6 2 0 0 1 0 0 11.49
12 4.0111 58 11 1 0 0 0 0 0 14.46
13 4.2141 147 27 4 0 0 1 0 0 32.51
14 4.6725 102 15 9 0 0 0 0 0 21.83
15 2.5328 97 15 7 1 0 1 0 0 34.35
16 5.7769 58 11 1 0 0 0 0 0 10.04
17 5.8252 54 9 3 0 0 0 0 0 9.27
18 3.4975 49 8 3 0 0 0 0 0 14.01
19 4.0512 38 4 6 0 0 0 0 0 9.38
Printed Jul 31, 2026 16:51:16 ESS - Electronic Scoring System 21 of 65
Rooster Mountain 2026 - Handgun
Printed: Jul 31, 2026 16:51:16
#395 Bugge, Lars
Division Production Class U Category S. Senior Factor Minor Squad 34
Stage Factor PTS A C D Ded. MI NS PE Time
1 1.9344 105 18 5 0 0 1 0 0 49.11
2 2.5879 53 10 1 0 0 0 0 0 20.48
3 2.1642 107 20 2 1 0 1 0 0 44.82
4 2.2970 144 27 3 0 0 2 0 1 49.63
5 2.7186 106 18 5 1 0 0 0 0 38.99
6 2.9834 54 9 3 0 0 0 0 0 18.10
7 2.4266 148 26 6 0 0 0 0 0 60.99
8 2.4256 53 10 1 0 0 0 0 0 21.85
9 1.7083 105 18 5 0 0 1 0 0 55.61
10 1.9340 102 18 4 0 0 1 0 0 47.57
11 2.2380 32 5 2 1 0 1 0 0 9.83
12 0.9506 51 9 2 0 0 1 1 0 32.61
13 1.9528 130 21 8 1 0 2 0 0 56.33
14 2.5790 102 16 7 1 0 0 0 0 39.55
15 1.1260 93 15 6 0 0 3 0 0 55.95
16 1.1297 43 5 6 0 0 1 1 0 20.36
17 3.3918 58 11 1 0 0 0 0 0 17.10
18 0.5667 35 5 3 1 0 2 0 0 26.47
19 2.7760 44 7 3 0 0 0 0 0 15.85
#396 Poulsen, Mie
Division Standard Class U Category Lady Factor Minor Squad 26
Stage Factor PTS A C D Ded. MI NS PE Time
1 2.7473 105 18 5 0 0 1 0 0 34.58
2 3.8390 51 9 2 0 0 0 1 0 10.68
3 2.1202 89 13 7 3 0 1 0 0 37.26
4 3.5613 150 27 5 0 0 0 0 0 42.12
5 3.3875 100 14 10 0 0 0 0 0 29.52
6 3.0435 42 3 9 0 0 0 0 0 13.80
7 2.6260 121 18 9 4 0 1 0 0 42.27
8 3.0922 53 10 1 0 0 0 0 0 17.14
9 2.4115 89 15 3 5 0 1 0 0 32.76
10 2.6213 107 19 4 0 0 0 0 0 40.82
11 4.5035 39 7 1 1 0 0 0 0 8.66
12 1.9442 49 8 3 0 0 1 0 0 20.06
13 2.1262 123 20 7 2 0 3 0 0 43.74
14 3.8139 100 15 8 1 0 0 0 0 26.22
15 1.2648 88 15 4 1 0 4 0 0 37.95
16 4.1256 56 10 2 0 0 0 1 0 11.15
17 3.0623 58 11 1 0 0 0 0 0 18.94
18 2.6970 51 9 2 0 0 0 0 0 18.91
19 3.6364 40 5 5 0 0 0 0 0 11.00
Printed Jul 31, 2026 16:51:16 ESS - Electronic Scoring System 22 of 65
Rooster Mountain 2026 - Handgun
Printed: Jul 31, 2026 16:51:16
#397 Poulsen, Lasse
Division Standard Class U Category Factor Minor Squad 26
Stage Factor PTS A C D Ded. MI NS PE Time
1 3.7933 116 22 2 0 0 0 0 0 30.58
2 5.3145 49 8 3 0 0 0 0 0 9.22
3 4.4444 114 21 3 0 0 0 0 0 25.65
4 5.1643 154 29 3 0 0 0 0 0 29.82
5 3.7284 112 21 2 1 0 0 0 0 30.04
6 5.1101 58 11 1 0 0 0 0 0 11.35
7 4.8682 144 25 6 1 0 0 0 0 29.58
8 4.8288 55 11 0 0 0 0 0 0 11.39
9 3.8647 104 17 6 1 0 0 0 0 26.91
10 3.3266 115 23 0 0 0 0 0 0 34.57
11 6.4194 45 9 0 0 0 0 0 0 7.01
12 4.0187 53 10 1 0 0 1 0 0 10.70
13 4.7244 144 24 8 0 0 0 0 0 30.48
14 4.8171 108 18 6 0 0 0 0 0 22.42
15 2.7139 95 16 4 3 0 1 0 0 31.32
16 6.3134 56 10 2 0 0 0 0 0 8.87
17 4.2090 58 11 1 0 0 0 0 0 13.78
18 3.2340 51 9 2 0 0 0 0 0 15.77
19 5.0605 46 8 2 0 0 0 0 0 9.09
#398 Persson, Daniel
Division Open Class U Category Senior Factor Major Squad 37
Stage Factor PTS A C D Ded. MI NS PE Time
1 2.8032 105 17 4 2 0 1 0 0 33.89
2 5.2004 48 8 1 2 0 0 0 0 9.23
3 4.9915 117 21 3 0 0 0 0 0 23.44
4 0.2351 128 24 2 0 0 6 0 6 34.03
5 5.4998 115 19 5 0 0 0 0 0 20.91
6 5.9717 59 11 1 0 0 0 0 0 9.88
7 3.8233 142 24 5 1 0 2 0 0 31.91
8 4.6944 53 9 2 0 0 0 0 0 11.29
9 3.6405 113 17 7 0 0 0 0 0 31.04
10 5.8762 113 21 2 0 0 0 0 0 19.23
11 7.8358 42 8 0 1 0 0 0 0 5.36
12 2.9655 53 9 2 0 0 1 0 0 14.50
13 5.6499 143 21 8 3 0 0 0 0 25.31
14 3.4984 99 11 10 2 0 1 0 0 25.44
15 1.7828 94 16 3 1 0 4 0 0 30.29
16 4.4614 51 7 4 0 0 1 0 0 9.19
17 2.8306 58 10 2 0 0 0 0 0 20.49
18 3.3909 55 11 0 0 0 0 0 0 16.22
19 5.8323 48 8 2 0 0 0 0 0 8.23
Printed Jul 31, 2026 16:51:16 ESS - Electronic Scoring System 23 of 65
Rooster Mountain 2026 - Handgun
Printed: Jul 31, 2026 16:51:16
#401 Buchholz, Katja
Division Open Class U Category Lady Factor Major Squad 28
Stage Factor PTS A C D Ded. MI NS PE Time
1 2.9309 109 15 8 1 0 0 0 0 37.19
2 4.0529 49 7 3 1 0 0 0 0 12.09
3 2.5628 103 13 8 3 0 0 0 0 40.19
4 4.2436 147 21 10 1 0 0 0 0 34.64
5 3.1314 107 17 4 3 0 0 0 0 34.17
6 4.2411 57 9 3 0 0 0 0 0 13.44
7 3.8217 144 18 13 1 0 0 0 0 37.68
8 3.5480 54 10 1 0 0 0 0 0 15.22
9 1.9194 100 14 7 1 0 2 0 0 41.68
10 3.4947 109 19 3 1 0 0 0 0 31.19
11 0.0000 25 5 0 0 0 4 1 0 15.77
12 2.8659 56 10 1 1 0 0 0 0 19.54
13 3.7046 147 23 7 2 0 0 0 0 39.68
14 4.1570 107 13 10 1 0 0 0 0 25.74
15 0.6393 83 11 6 2 0 5 0 0 51.62
16 2.7143 57 9 3 0 0 0 0 0 21.00
17 0.5515 46 8 1 1 0 2 0 0 47.14
18 1.4987 49 9 1 0 0 1 1 0 19.35
19 3.3579 41 5 3 2 0 0 0 0 12.21
#402 Henghuber, Alexander
Division Open Class U Category Factor Major Squad 28
Stage Factor PTS A C D Ded. MI NS PE Time
1 4.3863 109 17 5 2 0 0 0 0 24.85
2 4.1374 53 9 2 0 0 0 0 0 12.81
3 4.7745 108 14 9 1 0 0 0 0 22.62
4 5.0756 151 23 9 0 0 0 0 0 29.75
5 4.9166 109 13 11 0 0 0 0 0 22.17
6 4.1667 50 8 2 1 0 1 0 0 9.60
7 5.0859 151 23 9 0 0 0 0 0 29.69
8 5.0093 54 10 1 0 0 0 0 0 10.78
9 3.2747 100 16 4 2 0 2 0 0 24.43
10 4.6888 110 18 5 0 0 0 0 0 23.46
11 6.3202 45 9 0 0 0 0 0 0 7.12
12 3.6776 57 9 3 0 0 0 1 0 12.78
13 4.3852 148 24 6 2 0 0 0 0 33.75
14 5.5732 105 13 9 2 0 0 0 0 18.84
15 3.5259 104 14 8 1 0 1 0 0 26.66
16 5.6158 57 9 3 0 0 0 0 0 10.15
17 5.7282 59 11 1 0 0 0 0 0 10.30
18 2.2803 44 4 6 0 0 1 0 0 14.91
19 5.5355 46 6 4 0 0 0 0 0 8.31
Printed Jul 31, 2026 16:51:16 ESS - Electronic Scoring System 24 of 65
Rooster Mountain 2026 - Handgun
Printed: Jul 31, 2026 16:51:16
#403 Barucha, Rudolf
Division Open Class U Category S. Senior Factor Minor Squad 28
Stage Factor PTS A C D Ded. MI NS PE Time
3 2.2621 102 17 5 2 0 0 0 0 45.09
4 0.5130 126 24 2 0 0 6 0 4 50.68
12 0.0000 26 4 2 0 0 6 0 5 13.69
#404 Regbo, Jon
Division Production Class U Category Factor Minor Squad 20
Stage Factor PTS A C D Ded. MI NS PE Time
1 3.0539 98 15 7 2 0 0 0 0 32.09
2 5.1607 53 10 1 0 0 0 0 0 10.27
3 2.6695 102 17 5 2 0 0 0 0 38.21
4 3.9470 138 22 9 1 0 0 1 0 32.43
5 3.5981 106 17 7 0 0 0 0 0 29.46
6 4.4287 50 8 3 1 0 0 0 0 11.29
7 3.8990 142 25 5 2 0 0 0 0 36.42
8 3.1923 50 10 0 0 0 1 0 0 12.53
9 3.0213 112 20 4 0 0 0 0 0 37.07
10 2.9656 105 21 0 0 0 2 0 1 25.29
11 4.1070 43 8 1 0 0 0 0 0 10.47
12 2.2185 50 8 3 1 0 0 1 0 18.03
13 3.6369 139 25 4 2 0 1 0 0 35.47
14 3.9474 108 19 4 1 0 0 0 0 27.36
15 1.3695 86 14 5 1 0 4 0 0 33.59
16 4.6140 52 8 4 0 0 0 0 0 11.27
17 5.1235 56 10 2 0 0 0 0 0 10.93
18 2.5167 44 7 3 0 0 1 0 0 13.51
19 4.2945 42 6 4 0 0 0 0 0 9.78
Printed Jul 31, 2026 16:51:16 ESS - Electronic Scoring System 25 of 65
Rooster Mountain 2026 - Handgun
Printed: Jul 31, 2026 16:51:16
#405 Schmidt, Anders
Division Standard Class U Category Factor Minor Squad 39
Stage Factor PTS A C D Ded. MI NS PE Time
1 2.9242 101 17 5 1 0 1 0 0 31.12
2 5.6793 51 9 2 0 0 0 0 0 8.98
3 3.1363 104 18 4 2 0 0 0 0 33.16
4 4.5632 152 28 4 0 0 0 0 0 33.31
5 2.6511 88 12 9 1 0 2 0 0 25.65
6 5.1185 54 9 3 0 0 0 0 0 10.55
7 4.1870 146 26 5 1 0 0 0 0 34.87
8 3.0549 49 8 3 0 0 0 0 0 16.04
9 3.4426 104 16 8 0 0 0 0 0 30.21
10 3.9833 105 18 5 0 0 0 0 0 26.36
11 4.7619 39 6 3 0 0 0 0 0 8.19
12 3.9970 54 10 1 1 0 0 0 0 13.51
13 3.7274 134 22 7 3 0 0 0 0 35.95
14 4.0959 94 14 7 3 0 0 0 0 22.95
15 0.7888 77 11 7 1 0 5 0 0 34.23
16 0.0000 33 5 2 2 0 3 2 0 9.85
17 3.9273 54 9 3 0 0 0 0 0 13.75
18 3.1064 47 8 2 1 0 0 0 0 15.13
19 4.7952 48 9 1 0 0 0 0 0 10.01
#408 Henriksen, Preben
Division Standard Class U Category Grand Senior Factor Major Squad 39
Stage Factor PTS A C D Ded. MI NS PE Time
1 1.1076 101 11 11 1 0 1 0 0 82.16
2 3.0552 52 8 3 0 0 0 0 0 17.02
3 0.6787 98 18 2 0 0 4 2 0 55.99
4 1.5957 131 21 6 1 0 4 0 1 50.76
5 0.8799 92 14 4 3 0 3 0 1 59.10
6 3.1179 55 9 2 1 0 0 0 0 17.64
7 2.2887 147 27 2 2 0 1 0 0 59.86
8 1.5437 46 8 1 1 0 1 0 0 23.32
9 0.8162 94 14 6 0 0 4 1 0 53.91
10 1.5535 101 19 1 1 0 2 0 0 52.14
11 2.6316 37 5 3 0 0 1 0 0 10.26
12 1.5312 49 7 3 1 0 1 0 0 25.47
13 1.6636 129 21 5 2 0 4 0 0 53.50
14 0.5270 80 6 11 3 0 4 1 0 56.93
15 1.5775 97 13 7 2 0 2 0 0 48.81
16 2.8659 57 9 3 0 0 0 1 0 16.40
17 1.5357 60 12 0 0 0 0 0 0 39.07
18 2.0472 52 8 3 0 0 0 0 0 25.40
19 2.8694 47 7 3 0 0 0 0 0 16.38
Printed Jul 31, 2026 16:51:16 ESS - Electronic Scoring System 26 of 65
Rooster Mountain 2026 - Handgun
Printed: Jul 31, 2026 16:51:16
#409 Coolen, Patrick
Division Open Class U Category Senior Factor Major Squad 38
Stage Factor PTS A C D Ded. MI NS PE Time
1 1.1912 98 14 7 0 0 3 0 1 48.69
2 4.0602 54 10 1 0 0 0 0 0 13.30
3 2.6135 118 22 2 0 0 0 0 0 45.15
4 2.1305 142 22 8 0 0 2 0 1 52.57
5 2.1788 107 15 8 0 0 1 0 0 44.52
6 2.4253 56 8 4 0 0 0 0 0 23.09
7 3.3260 152 24 8 0 0 0 0 0 45.70
8 3.1052 54 10 1 0 0 0 0 0 17.39
9 1.3043 98 12 9 1 0 2 0 0 59.80
10 2.2585 108 16 7 0 0 0 0 0 47.82
11 1.3514 34 6 1 0 0 2 0 0 10.36
12 1.3766 55 7 5 0 0 0 1 0 32.69
13 1.7376 130 18 9 2 0 3 0 0 57.55
14 3.0882 105 15 6 3 0 0 0 0 34.00
15 1.4027 99 15 5 2 0 2 0 0 56.32
16 2.8542 55 7 5 0 0 0 0 0 19.27
17 3.8515 55 7 5 0 0 0 0 0 14.28
18 1.5450 49 9 1 0 0 1 1 0 18.77
19 4.3393 44 4 6 0 0 0 0 0 10.14
#412 Kalinen, Riku
Division Production Class U Category S. Senior Factor Minor Squad 30
Stage Factor PTS A C D Ded. MI NS PE Time
1 2.5823 98 16 5 3 0 0 0 0 37.95
2 4.3902 45 7 3 1 0 0 0 0 10.25
3 1.4575 91 15 5 1 0 3 2 0 28.13
4 2.7634 144 24 8 0 0 0 0 0 52.11
5 3.3989 102 15 9 0 0 0 0 0 30.01
6 4.7577 54 9 3 0 0 0 0 0 11.35
7 3.8344 138 22 9 1 0 0 0 0 35.99
8 3.4996 47 8 2 1 0 0 0 0 13.43
9 2.7793 102 16 7 1 0 0 0 0 36.70
10 2.6519 96 18 1 3 0 1 0 0 32.43
11 5.3385 41 7 2 0 0 0 0 0 7.68
12 2.7027 49 8 3 0 0 1 0 0 14.43
13 3.5403 134 21 9 2 0 0 0 0 37.85
14 3.2825 84 10 10 4 0 0 0 0 25.59
15 1.8177 92 14 7 1 0 2 0 0 39.61
16 3.7111 47 7 4 0 0 1 0 0 9.97
17 3.4417 54 9 3 0 0 0 0 0 15.69
18 2.6860 39 4 6 1 0 0 0 0 14.52
19 4.4164 42 6 4 0 0 0 0 0 9.51
Printed Jul 31, 2026 16:51:16 ESS - Electronic Scoring System 27 of 65
Rooster Mountain 2026 - Handgun
Printed: Jul 31, 2026 16:51:16
#413 Konttinen, Timo
Division Production Class U Category S. Senior Factor Minor Squad 30
Stage Factor PTS A C D Ded. MI NS PE Time
1 1.5970 85 14 4 3 0 3 0 0 34.44
2 2.8997 37 4 5 2 0 0 0 0 12.76
3 3.3824 95 14 8 1 0 1 0 0 25.13
4 2.2509 136 24 5 1 0 2 2 0 42.65
5 3.2734 102 17 5 2 0 0 0 0 31.16
6 2.0690 43 5 6 0 0 1 0 0 15.95
7 3.8589 140 24 6 2 0 0 0 0 36.28
8 3.5565 51 9 2 0 0 0 0 0 14.34
9 2.5061 102 16 7 1 0 0 0 0 40.70
10 2.5602 101 16 7 0 0 0 0 0 39.45
11 2.6994 32 5 2 1 0 1 0 0 8.15
12 3.5242 56 10 2 0 0 0 0 0 15.89
13 4.1315 132 21 8 3 0 0 0 0 31.95
14 1.8897 79 10 9 2 0 3 0 0 25.93
15 1.2726 87 13 7 1 0 3 0 0 44.79
16 4.5369 48 6 6 0 0 0 0 0 10.58
17 3.9706 54 9 3 0 0 0 0 0 13.60
18 2.7304 50 10 0 0 0 1 0 0 14.65
19 4.1905 44 7 3 0 0 0 0 0 10.50
#414 Dijkman, Bernd
Division Optics Class U Category Senior Factor Minor Squad 38
Stage Factor PTS A C D Ded. MI NS PE Time
1 3.6455 116 22 2 0 0 0 0 0 31.82
2 5.5936 49 8 3 0 0 0 0 0 8.76
3 3.3564 102 17 5 2 0 0 0 0 30.39
4 3.0734 130 23 5 0 0 4 0 1 26.03
5 3.7313 110 19 5 0 0 0 0 0 29.48
6 3.6835 54 9 3 0 0 0 0 0 14.66
7 3.7284 140 22 10 0 0 0 0 0 37.55
8 4.5008 55 11 0 0 0 0 0 0 12.22
9 3.2005 106 17 7 0 0 0 0 0 33.12
10 4.0088 109 20 3 0 0 0 0 0 27.19
11 4.0936 35 5 3 1 0 0 0 0 8.55
12 2.7076 50 10 0 0 0 2 0 0 11.08
13 3.7967 137 22 9 0 0 1 0 0 33.45
14 4.1397 96 13 10 1 0 0 0 0 23.19
15 2.7479 92 11 12 1 0 0 0 0 33.48
16 5.7878 54 9 3 0 0 0 0 0 9.33
17 5.3191 60 12 0 0 0 0 0 0 11.28
18 3.4023 51 9 2 0 0 0 0 0 14.99
19 4.6771 42 6 4 0 0 0 0 0 8.98
Printed Jul 31, 2026 16:51:16 ESS - Electronic Scoring System 28 of 65
Rooster Mountain 2026 - Handgun
Printed: Jul 31, 2026 16:51:16
#416 Koski, Kaisa
Division Standard Class U Category Lady Factor Major Squad 30
Stage Factor PTS A C D Ded. MI NS PE Time
1 4.0106 106 14 8 2 0 0 0 0 26.43
2 5.5615 52 8 3 0 0 0 0 0 9.35
3 4.3376 111 17 6 1 0 0 0 0 25.59
4 5.3036 155 27 5 0 0 0 1 0 27.34
5 4.0567 103 11 11 2 0 0 0 0 25.39
6 4.3247 57 9 3 0 0 0 0 0 13.18
7 4.7451 148 22 9 1 0 0 0 0 31.19
8 4.9906 53 9 2 0 0 0 0 0 10.62
9 3.6988 111 17 6 1 0 0 0 0 30.01
10 3.9576 112 20 3 0 0 0 0 0 28.30
11 5.7720 40 6 2 1 0 0 0 0 6.93
12 3.9882 54 8 3 1 0 0 0 0 13.54
13 3.7439 140 24 5 0 0 3 0 1 26.71
14 4.5683 109 15 8 1 0 0 0 0 23.86
15 2.3459 95 13 6 3 0 2 0 0 31.97
16 5.0984 57 9 3 0 0 0 0 0 11.18
17 4.7337 56 8 4 0 0 0 0 0 11.83
18 3.5660 47 5 5 1 0 0 0 0 13.18
19 5.1903 45 7 2 1 0 0 0 0 8.67
#417 Koski, Anitra
Division Optics Class U Category S. Junior Factor Minor Squad 30
Stage Factor PTS A C D Ded. MI NS PE Time
1 1.6977 92 14 7 1 0 2 0 1 36.52
2 5.2745 49 8 3 0 0 0 0 0 9.29
3 2.6886 98 16 5 3 0 0 0 0 36.45
4 3.6084 146 25 7 0 0 0 1 0 37.69
5 2.4207 97 14 9 0 0 1 0 0 35.94
6 4.5302 54 9 3 0 0 0 0 0 11.92
7 2.9803 130 21 7 4 0 0 0 0 43.62
8 2.6366 55 11 0 0 0 0 0 0 20.86
9 2.2992 89 12 9 2 0 1 0 0 34.36
10 3.8853 103 18 4 1 0 0 0 0 26.51
11 3.9785 37 6 2 1 0 0 0 0 9.30
12 2.1385 52 9 2 1 0 0 1 0 19.64
13 2.9600 134 22 7 3 0 0 0 0 45.27
14 3.6364 94 12 11 1 0 0 0 0 25.85
15 1.2920 93 16 4 1 0 3 0 0 48.76
16 3.5533 56 10 2 0 0 0 0 0 15.76
17 3.8339 60 12 0 0 0 0 0 0 15.65
18 1.5425 41 4 7 0 0 0 0 0 26.58
19 3.9451 46 8 2 0 0 0 0 0 11.66
Printed Jul 31, 2026 16:51:16 ESS - Electronic Scoring System 29 of 65
Rooster Mountain 2026 - Handgun
Printed: Jul 31, 2026 16:51:16
#418 Koski, Mikko
Division Open Class U Category Senior Factor Major Squad 30
Stage Factor PTS A C D Ded. MI NS PE Time
1 4.0014 117 21 3 0 0 0 0 0 29.24
2 4.8406 51 7 4 0 0 0 1 0 8.47
3 5.3069 115 19 5 0 0 0 0 0 21.67
4 5.4064 151 27 4 0 0 1 0 0 26.08
5 4.9165 106 10 14 0 0 0 0 0 21.56
6 7.2207 53 7 4 1 0 0 0 0 7.34
7 5.5576 148 22 9 1 0 0 0 0 26.63
8 5.1707 53 9 2 0 0 0 0 0 10.25
9 4.2791 111 15 9 0 0 0 0 0 25.94
10 4.9128 103 17 4 1 0 1 0 0 18.93
11 5.6051 44 8 1 0 0 0 0 0 7.85
12 5.0083 60 12 0 0 0 0 0 0 11.98
13 5.3534 153 27 4 1 0 0 0 0 28.58
14 5.5165 102 12 9 3 0 0 0 0 18.49
15 3.1163 112 18 5 1 0 0 0 0 35.94
16 6.5805 56 8 4 0 0 0 0 0 8.51
17 4.9632 54 8 3 1 0 0 0 0 10.88
18 4.1045 44 4 5 2 0 0 0 0 10.72
19 6.6197 47 7 3 0 0 0 0 0 7.10
#421 Hage, Bruno
Division Production Optics Class U Category Grand Senior Factor Minor Squad 34
Stage Factor PTS A C D Ded. MI NS PE Time
1 1.8485 92 14 7 1 0 2 0 0 38.95
2 4.9302 53 10 1 0 0 0 0 0 10.75
3 2.7329 103 17 6 0 0 1 0 0 34.03
4 1.7133 123 18 11 0 0 3 0 0 54.28
5 1.4542 91 14 7 0 0 3 0 1 35.07
6 3.6624 46 6 5 1 0 0 0 0 12.56
7 2.9462 120 13 18 1 0 0 0 0 40.73
8 2.2640 53 10 1 0 0 0 0 0 23.41
9 1.8005 96 14 8 2 0 0 0 0 53.32
10 2.9309 109 20 3 0 0 0 0 0 37.19
11 0.0000 25 5 0 0 0 4 0 0 7.92
12 3.1270 50 7 5 0 0 0 0 0 15.99
13 2.8712 127 18 12 1 0 1 0 0 40.75
14 4.0031 104 16 8 0 0 0 0 0 25.98
15 1.0956 81 11 8 2 0 3 0 0 46.55
16 5.2838 54 9 3 0 0 0 0 0 10.22
17 4.2345 52 8 4 0 0 0 0 0 12.28
18 2.5953 47 7 4 0 0 0 0 0 18.11
19 3.7849 38 5 4 1 0 0 0 0 10.04
Printed Jul 31, 2026 16:51:16 ESS - Electronic Scoring System 30 of 65
Rooster Mountain 2026 - Handgun
Printed: Jul 31, 2026 16:51:16
#422 Randers, Henrik
Division Production Optics Class U Category Senior Factor Minor Squad 37
Stage Factor PTS A C D Ded. MI NS PE Time
1 1.9244 95 14 8 1 0 1 0 0 44.17
2 3.1136 51 9 2 0 0 0 0 0 16.38
3 2.2821 116 22 2 0 0 0 0 0 50.83
4 2.3321 143 27 2 2 0 1 0 0 57.03
5 1.9281 86 13 6 3 0 2 0 0 34.23
6 3.2493 58 11 1 0 0 0 0 0 17.85
7 2.4232 142 24 7 1 0 0 0 0 58.60
8 1.0083 37 6 2 1 0 2 0 0 16.86
9 2.1959 102 15 9 0 0 0 0 0 46.45
10 2.3241 111 21 2 0 0 0 0 0 47.76
11 2.0378 38 7 1 0 0 1 0 0 13.74
12 1.6022 49 8 3 0 0 1 1 0 18.10
13 1.1252 134 25 3 0 0 4 0 0 83.54
14 2.4266 91 13 8 2 0 1 0 0 33.38
15 1.4813 99 18 3 0 0 3 0 0 46.58
16 3.8023 60 12 0 0 0 0 0 0 15.78
17 3.5409 58 11 1 0 0 0 0 0 16.38
18 2.7880 53 10 1 0 0 0 0 0 19.01
19 3.7097 46 8 2 0 0 0 0 0 12.40
#423 Gunbjørnsen, Anders
Division Production Optics Class U Category Grand Senior Factor Minor Squad 37
Stage Factor PTS A C D Ded. MI NS PE Time
3 0.0000 0 0 0 0 0 0 0 0 0.00
4 0.0000 0 0 0 0 0 0 0 0 0.00
5 0.0000 0 0 0 0 0 0 0 0 0.00
6 0.0000 0 0 0 0 0 0 0 0 0.00
7 0.0000 0 0 0 0 0 0 0 0 0.00
9 0.0000 0 0 0 0 0 0 0 0 0.00
11 0.0000 0 0 0 0 0 0 0 0 0.00
15 0.0000 0 0 0 0 0 0 0 0 0.00
16 0.0000 0 0 0 0 0 0 0 0 0.00
17 0.0000 0 0 0 0 0 0 0 0 0.00
18 0.0000 0 0 0 0 0 0 0 0 0.00
19 0.0000 0 0 0 0 0 0 0 0 0.00
Printed Jul 31, 2026 16:51:16 ESS - Electronic Scoring System 31 of 65
Rooster Mountain 2026 - Handgun
Printed: Jul 31, 2026 16:51:16
#428 Perrot, Manuela
Division Optics Class U Category Lady Senior Factor Minor Squad 36
Stage Factor PTS A C D Ded. MI NS PE Time
1 2.6389 104 17 6 1 0 0 0 0 39.41
2 3.2871 55 11 0 0 0 0 1 0 13.69
3 3.3786 112 20 4 0 0 0 0 0 33.15
4 4.2796 150 27 5 0 0 0 0 0 35.05
5 3.5370 110 19 5 0 0 0 0 0 31.10
6 3.7599 52 8 4 0 0 0 0 0 13.83
7 3.5495 156 30 2 0 0 0 0 0 43.95
8 2.8388 53 10 1 0 0 0 0 0 18.67
9 2.1711 102 15 9 0 0 0 0 0 46.98
10 3.7984 107 20 2 1 0 0 0 0 28.17
11 3.1083 35 6 1 2 0 0 0 0 11.26
12 2.0794 54 9 3 0 0 0 1 0 21.16
13 3.8623 156 30 2 0 0 0 0 0 40.39
14 3.3694 112 20 4 0 0 0 0 0 33.24
15 1.8325 101 18 3 2 0 1 0 0 49.66
16 4.5340 54 9 3 0 0 0 0 0 11.91
17 3.4286 60 12 0 0 0 0 0 0 17.50
18 2.5561 49 8 3 0 0 0 0 0 19.17
19 4.0472 48 9 1 0 0 0 0 0 11.86
#429 Perrot, Laurent
Division Optics Class U Category Senior Factor Minor Squad 36
Stage Factor PTS A C D Ded. MI NS PE Time
1 4.4571 110 19 5 0 0 0 0 0 24.68
2 5.3817 43 6 4 1 0 0 0 0 7.99
3 5.7831 120 24 0 0 0 0 0 0 20.75
4 6.4930 152 28 4 0 0 0 0 0 23.41
5 4.8605 108 18 6 0 0 0 0 0 22.22
6 6.6194 56 10 2 0 0 0 0 0 8.46
7 5.0035 144 25 6 1 0 0 0 0 28.78
8 5.1256 51 10 0 1 0 0 0 0 9.95
9 3.7447 98 14 9 1 0 0 0 0 26.17
10 6.0000 111 21 2 0 0 0 0 0 18.50
11 6.0563 43 8 1 0 0 0 0 0 7.10
12 4.7986 56 10 2 0 0 0 0 0 11.67
13 5.6806 154 29 3 0 0 0 0 0 27.11
14 5.0048 104 16 8 0 0 0 0 0 20.78
15 2.8095 101 17 5 1 0 1 0 0 32.39
16 5.4601 54 9 3 0 0 0 0 0 9.89
17 5.8366 60 12 0 0 0 0 0 0 10.28
18 3.4117 45 7 3 1 0 0 0 0 13.19
19 4.7619 40 5 5 0 0 0 0 0 8.40
Printed Jul 31, 2026 16:51:16 ESS - Electronic Scoring System 32 of 65
Rooster Mountain 2026 - Handgun
Printed: Jul 31, 2026 16:51:16
#431 Greve, Bjorn
Division Open Class U Category Factor Major Squad 20
Stage Factor PTS A C D Ded. MI NS PE Time
1 4.9630 114 18 6 0 0 0 0 0 22.97
2 7.8704 51 7 4 0 0 0 0 0 6.48
3 5.6317 111 17 6 1 0 0 0 0 19.71
4 3.8603 146 26 4 0 0 2 0 0 32.64
5 4.3205 110 16 7 1 0 0 0 0 25.46
6 6.3901 57 9 3 0 0 0 0 0 8.92
7 5.4427 150 22 10 0 0 0 0 0 27.56
8 2.7282 52 8 3 0 0 0 0 0 19.06
9 4.1363 102 10 12 2 0 0 0 0 24.66
10 5.3737 110 20 2 1 0 0 0 0 20.47
11 7.6257 44 8 1 0 0 0 0 0 5.77
12 5.0913 53 5 7 0 0 0 0 0 10.41
13 5.3487 145 25 4 2 0 1 0 0 25.24
14 6.2536 109 13 11 0 0 0 0 0 17.43
15 2.9055 99 13 8 1 0 2 0 0 27.19
16 7.0932 51 5 6 1 0 0 0 0 7.19
17 7.0048 58 10 2 0 0 0 0 0 8.28
18 4.0489 53 9 2 0 0 0 0 0 13.09
19 6.1728 45 5 5 0 0 0 0 0 7.29
#435 Bäckström, Bengt
Division Classic Class U Category S. Senior Factor Minor Squad 37
Stage Factor PTS A C D Ded. MI NS PE Time
1 2.7785 108 18 6 0 0 0 0 0 38.87
2 4.9395 49 8 3 0 0 0 0 0 9.92
3 2.5770 108 18 6 0 0 0 0 0 41.91
4 4.3234 154 29 3 0 0 0 0 0 35.62
5 3.1599 109 20 3 0 0 1 0 0 31.33
6 4.2658 52 9 2 1 0 0 0 0 12.19
7 3.9014 144 24 8 0 0 0 0 0 36.91
8 2.8944 51 10 0 1 0 0 0 0 17.62
9 3.0397 108 19 4 1 0 0 0 0 35.53
10 2.6697 107 19 4 0 0 0 0 0 40.08
11 2.4683 35 5 3 1 0 0 0 0 14.18
12 0.7905 44 7 3 0 0 2 1 0 17.71
13 2.7697 134 23 6 1 0 2 0 0 41.16
14 2.9439 96 13 10 1 0 0 0 0 32.61
15 1.8816 99 15 8 0 0 1 0 0 47.30
16 3.6437 54 9 3 0 0 0 0 0 14.82
17 4.8576 58 11 1 0 0 0 0 0 11.94
18 3.2166 45 7 3 1 0 0 0 0 13.99
19 2.8226 28 1 7 2 0 0 0 0 9.92
Printed Jul 31, 2026 16:51:16 ESS - Electronic Scoring System 33 of 65
Rooster Mountain 2026 - Handgun
Printed: Jul 31, 2026 16:51:16
#438 Holmberg, Daniel
Division Open Class U Category Senior Factor Major Squad 27
Stage Factor PTS A C D Ded. MI NS PE Time
1 5.3327 109 15 8 1 0 0 0 0 20.44
2 6.1155 54 10 1 0 0 0 0 0 8.83
3 7.1813 120 24 0 0 0 0 0 0 16.71
4 5.0230 141 21 8 2 0 1 0 0 26.08
5 6.9601 117 21 3 0 0 0 0 0 16.81
6 7.4454 58 10 2 0 0 0 0 0 7.79
7 6.2917 151 23 9 0 0 0 0 0 24.00
8 7.3826 55 11 0 0 0 0 0 0 7.45
9 4.7598 108 14 9 1 0 0 0 0 22.69
10 7.2575 113 21 2 0 0 0 0 0 15.57
11 1.8743 37 3 5 1 0 0 2 0 9.07
12 5.3465 54 6 6 0 0 0 0 0 10.10
13 5.5100 141 21 7 4 0 0 0 0 25.59
14 7.3480 110 16 7 1 0 0 0 0 14.97
15 3.3535 103 15 7 0 0 2 0 0 24.75
16 7.6613 57 9 3 0 0 0 0 0 7.44
17 6.0988 58 10 2 0 0 0 0 0 9.51
18 5.6625 50 8 2 1 0 0 0 0 8.83
19 7.4018 49 9 1 0 0 0 0 0 6.62
#439 Geerts, Hans
Division Open Class U Category Grand Senior Factor Major Squad 38
Stage Factor PTS A C D Ded. MI NS PE Time
1 3.0126 108 14 9 1 0 0 0 0 35.85
2 3.7834 51 7 4 0 0 0 0 0 13.48
3 2.8489 109 17 6 0 0 1 0 0 34.75
4 3.5984 157 29 3 0 0 0 0 0 43.63
5 3.1444 106 18 3 2 0 1 0 0 30.53
6 3.6991 59 11 1 0 0 0 0 0 15.95
7 3.5415 152 26 5 1 0 0 0 0 42.92
8 2.3451 53 9 2 0 0 0 0 0 22.60
9 2.4130 111 17 6 1 0 0 0 0 46.00
10 1.9454 109 19 3 1 0 0 0 0 56.03
11 4.5652 42 6 3 0 0 0 0 0 9.20
12 0.8133 51 7 4 0 0 1 2 0 25.82
13 2.3485 130 18 9 2 0 3 0 0 42.58
14 1.9468 90 6 14 2 0 2 1 0 30.82
15 1.6935 103 19 1 2 0 2 0 0 49.01
16 4.1053 53 7 4 1 0 0 0 0 12.91
17 1.3559 57 9 3 0 0 0 0 0 42.04
18 0.9370 35 3 3 4 0 1 0 0 26.68
19 4.0082 39 3 5 2 0 0 0 0 9.73
Printed Jul 31, 2026 16:51:16 ESS - Electronic Scoring System 34 of 65
Rooster Mountain 2026 - Handgun
Printed: Jul 31, 2026 16:51:16
#442 Lindblad, Bjørn
Division Production Class U Category S. Senior Factor Minor Squad 26
Stage Factor PTS A C D Ded. MI NS PE Time
1 3.4076 104 17 6 1 0 0 0 0 30.52
2 4.5455 49 9 1 1 0 0 0 0 10.78
3 3.4451 112 20 4 0 0 0 0 0 32.51
4 3.5999 142 26 4 0 0 2 0 0 33.89
5 3.7993 106 17 7 0 0 0 0 0 27.90
6 4.8000 54 9 3 0 0 0 0 0 11.25
7 3.1755 112 16 8 8 0 0 0 0 35.27
8 1.9917 53 10 1 0 0 0 0 0 26.61
9 3.2887 108 18 6 0 0 0 0 0 32.84
10 4.0093 103 18 4 1 0 0 0 0 25.69
11 0.0000 28 5 1 0 0 3 0 0 8.23
12 3.9243 56 10 2 0 0 0 0 0 14.27
13 3.2182 147 27 4 0 0 1 0 0 42.57
14 3.1423 95 15 6 2 0 1 0 0 27.05
15 1.6738 106 21 0 1 0 2 0 0 51.38
16 4.8309 50 7 5 0 0 0 0 0 10.35
17 5.5249 60 12 0 0 0 0 0 0 10.86
18 2.5000 44 7 3 0 0 1 0 0 13.60
19 4.8110 42 7 2 1 0 0 0 0 8.73
#443 Leischner, Christian
Division Standard Class U Category Senior Factor Major Squad 32
Stage Factor PTS A C D Ded. MI NS PE Time
1 3.0815 113 17 7 0 0 0 0 0 36.67
2 5.1675 54 10 1 0 0 0 0 0 10.45
3 2.7987 109 17 6 0 0 1 1 0 31.80
4 4.1067 157 29 3 0 0 0 0 0 38.23
5 1.7505 88 10 9 1 0 4 0 0 27.42
6 4.9906 53 7 4 1 0 0 0 0 10.62
7 4.5318 151 25 6 1 0 0 0 0 33.32
8 2.7778 53 9 2 0 0 0 0 0 19.08
9 3.5306 108 14 9 1 0 0 0 0 30.59
10 3.3704 112 20 3 0 0 0 0 0 33.23
11 3.3467 35 5 2 1 0 1 0 0 7.47
12 0.7020 41 5 4 0 0 3 0 0 15.67
13 3.7383 140 20 8 4 0 0 0 0 37.45
14 3.3224 91 5 14 5 0 0 0 0 27.39
15 1.5372 95 15 5 0 0 4 0 0 35.78
16 4.7386 58 10 2 0 0 0 0 0 12.24
17 5.7201 56 10 1 1 0 0 0 0 9.79
18 4.1935 52 8 3 0 0 0 0 0 12.40
19 5.2455 47 7 3 0 0 0 0 0 8.96
Printed Jul 31, 2026 16:51:16 ESS - Electronic Scoring System 35 of 65
Rooster Mountain 2026 - Handgun
Printed: Jul 31, 2026 16:51:16
#444 Antonisen, Henrik
Division Standard Class U Category Senior Factor Minor Squad 32
Stage Factor PTS A C D Ded. MI NS PE Time
1 3.9455 110 20 3 1 0 0 0 0 27.88
2 5.5229 47 7 4 0 0 0 0 0 8.51
3 3.7809 108 20 2 2 0 0 1 0 25.92
4 4.9618 156 30 2 0 0 0 0 0 31.44
5 3.7308 107 19 4 0 0 1 0 0 26.00
6 3.3365 45 7 3 1 0 1 0 0 10.49
7 3.7598 134 20 11 1 0 0 0 0 35.64
8 2.2235 48 9 1 0 0 1 0 0 17.09
9 3.1407 94 14 7 3 0 0 0 0 29.93
10 3.6799 109 20 3 0 0 0 0 0 29.62
11 4.1032 35 4 5 0 0 0 0 0 8.53
12 3.4953 51 9 2 0 0 1 0 0 11.73
13 4.1465 120 18 8 6 0 0 0 0 28.94
14 4.5377 106 18 5 1 0 0 0 0 23.36
15 2.4114 93 14 7 2 0 1 0 0 34.42
16 4.0134 48 6 6 0 0 0 0 0 11.96
17 5.1380 54 9 3 0 0 0 0 0 10.51
18 3.1633 49 8 3 0 0 0 0 0 15.49
19 4.5862 46 8 2 0 0 0 0 0 10.03
#449 Gottschalk, Lars
Division Production Optics Class U Category Factor Minor Squad 28
Stage Factor PTS A C D Ded. MI NS PE Time
1 1.8897 98 17 3 4 0 0 0 0 51.86
2 2.2282 43 7 2 2 0 0 1 0 14.81
3 2.4390 108 19 4 1 0 0 0 0 44.28
4 2.3950 148 29 1 0 0 2 0 1 49.27
5 2.6610 112 20 4 0 0 0 0 0 42.09
6 2.8571 54 9 3 0 0 0 0 0 18.90
7 2.3206 140 23 8 1 0 0 0 0 60.33
8 2.8060 47 8 2 1 0 0 0 0 16.75
9 1.9146 104 18 4 2 0 0 0 0 54.32
10 2.3398 107 20 2 1 0 0 0 0 45.73
11 0.0850 31 5 2 0 0 2 1 0 11.76
12 1.3658 43 7 2 2 0 1 1 0 16.84
13 2.2209 125 19 9 3 0 1 0 0 51.78
14 1.3913 90 16 3 1 0 4 0 1 28.75
15 1.1082 95 17 3 1 0 3 0 1 49.63
16 3.0999 58 11 1 0 0 0 0 0 18.71
17 3.0837 56 10 2 0 0 0 0 0 18.16
18 2.5142 53 10 1 0 0 0 0 0 21.08
19 2.3576 36 3 7 0 0 0 0 0 15.27
Printed Jul 31, 2026 16:51:16 ESS - Electronic Scoring System 36 of 65
Rooster Mountain 2026 - Handgun
Printed: Jul 31, 2026 16:51:16
#459 De Ruiter, Michiel
Division Production Class U Category Senior Factor Minor Squad 38
Stage Factor PTS A C D Ded. MI NS PE Time
1 1.6142 89 13 8 0 0 3 0 0 36.55
2 2.7206 41 5 5 1 0 0 0 0 15.07
3 1.6714 103 18 4 1 0 1 1 0 49.66
4 3.2473 142 26 4 0 0 2 1 0 34.49
5 1.9885 89 13 8 0 0 3 0 0 29.67
6 2.7368 52 9 2 1 0 0 0 0 19.00
7 3.6132 142 23 9 0 0 0 0 0 39.30
8 1.3717 51 9 2 0 0 0 0 0 37.18
9 1.8117 71 6 12 5 0 1 0 0 33.67
10 2.0604 95 17 3 1 0 2 0 0 36.40
11 4.0043 37 6 2 1 0 0 0 0 9.24
12 1.2573 46 8 2 0 0 2 0 0 20.68
13 3.3658 134 23 6 1 0 2 0 0 33.87
14 2.4950 97 15 7 1 0 1 0 0 34.87
15 0.9471 76 9 10 1 0 4 0 0 38.01
16 1.9391 56 10 2 0 0 0 0 0 28.88
17 3.8952 58 11 1 0 0 0 0 0 14.89
18 3.4216 53 10 1 0 0 0 0 0 15.49
19 1.6701 36 6 2 0 0 2 0 0 9.58
#461 Luersen, Oliver
Division Classic Class U Category Senior Factor Major Squad 34
Stage Factor PTS A C D Ded. MI NS PE Time
1 2.5457 101 17 3 2 0 2 0 1 27.89
2 4.6561 54 10 1 0 0 0 1 0 9.45
3 3.3786 112 20 2 2 0 0 0 0 33.15
4 3.0717 139 23 5 2 0 2 1 1 32.23
5 3.5055 112 18 5 1 0 0 0 0 31.95
6 4.3619 54 8 3 1 0 0 0 0 12.38
7 4.0476 153 25 7 0 0 0 0 0 37.80
8 3.0654 53 9 2 0 0 0 0 0 17.29
9 3.2385 107 13 10 1 0 0 0 0 33.04
10 3.0699 108 18 4 1 0 0 0 0 35.18
11 3.5821 36 4 3 2 0 0 0 0 10.05
12 2.9703 48 6 3 3 0 0 0 0 16.16
13 3.5644 128 18 7 5 0 2 0 0 30.30
14 2.7878 92 12 7 2 0 3 0 0 22.24
15 1.5773 90 10 9 2 0 3 0 0 38.04
16 4.7743 55 7 5 0 0 0 0 0 11.52
17 4.5566 56 8 4 0 0 0 0 0 12.29
18 3.0935 43 3 6 2 0 0 0 0 13.90
19 2.7318 38 4 3 3 0 0 0 0 13.91
Printed Jul 31, 2026 16:51:16 ESS - Electronic Scoring System 37 of 65
Rooster Mountain 2026 - Handgun
Printed: Jul 31, 2026 16:51:16
#462 Luersen, Mieke
Division Production Class U Category S. Junior Factor Minor Squad 34
Stage Factor PTS A C D Ded. MI NS PE Time
1 2.3344 92 12 10 2 0 0 0 0 39.41
2 2.9396 55 11 0 0 0 0 0 0 18.71
3 1.2980 96 15 7 0 0 2 0 0 58.55
4 2.9555 152 28 4 0 0 0 0 0 51.43
5 2.3845 105 18 5 0 0 1 0 0 39.84
6 3.8069 56 10 2 0 0 0 0 0 14.71
7 2.7481 131 20 10 1 0 1 0 0 44.03
8 2.0536 49 8 3 0 0 0 0 0 23.86
9 1.4695 87 12 9 0 0 3 0 0 38.79
10 1.7613 100 18 3 1 0 1 0 0 51.10
11 3.6758 39 7 1 1 0 0 0 0 10.61
12 2.0743 48 7 4 1 0 0 0 0 23.14
13 1.8995 122 21 5 2 0 4 0 0 43.17
14 2.5268 83 12 6 5 0 1 0 0 28.89
15 1.2236 85 11 10 0 0 3 0 0 44.95
16 3.2300 50 8 3 1 0 0 0 0 15.48
17 2.9637 58 11 1 0 0 0 0 0 19.57
18 1.9647 49 8 3 0 0 0 0 0 24.94
19 2.8003 38 5 4 1 0 0 0 0 13.57
#463 Dell, Andreas
Division Optics Class U Category S. Senior Factor Minor Squad 32
Stage Factor PTS A C D Ded. MI NS PE Time
1 2.1035 94 15 6 1 0 2 0 0 35.18
2 5.3261 49 8 3 0 0 0 0 0 9.20
3 3.4238 106 18 5 1 0 0 0 0 30.96
4 3.7127 148 26 6 0 0 0 1 0 37.17
5 3.3777 104 17 6 1 0 0 0 0 30.79
6 4.5022 52 9 2 1 0 0 0 0 11.55
7 3.4930 150 28 3 1 0 0 0 1 40.08
8 4.6448 51 9 2 0 0 0 0 0 10.98
9 2.6528 102 17 5 2 0 0 0 0 38.45
10 4.0332 107 19 4 0 0 0 0 0 26.53
11 4.0842 33 4 4 1 0 0 0 0 8.08
12 3.2079 52 8 4 0 0 0 0 0 16.21
13 3.8639 142 23 9 0 0 0 0 0 36.75
14 3.5021 92 12 10 2 0 0 0 0 26.27
15 1.1497 84 13 6 1 0 4 0 0 38.27
16 3.1357 46 6 5 1 0 0 0 0 14.67
17 3.4188 52 9 2 1 0 0 0 0 15.21
18 3.5347 55 11 0 0 0 0 0 0 15.56
19 4.0816 48 9 1 0 0 0 0 0 11.76
Printed Jul 31, 2026 16:51:16 ESS - Electronic Scoring System 38 of 65
Rooster Mountain 2026 - Handgun
Printed: Jul 31, 2026 16:51:16
#467 Hansen, Flemming
Division Open Class U Category S. Senior Factor Major Squad 34
Stage Factor PTS A C D Ded. MI NS PE Time
1 3.8952 110 18 4 2 0 0 0 0 28.24
2 5.6760 55 11 0 0 0 0 0 0 9.69
3 4.1254 110 20 2 1 0 1 0 0 24.24
4 5.6902 155 29 2 1 0 0 0 0 27.24
5 3.8462 112 20 3 0 0 1 0 0 26.52
6 3.9585 52 8 3 0 0 1 0 0 10.61
7 3.9563 152 24 8 0 0 0 0 0 38.42
8 6.0976 55 11 0 0 0 0 0 0 9.02
9 3.1813 113 17 7 0 0 0 0 0 35.52
10 4.6304 114 22 1 0 0 0 0 0 24.62
11 5.4902 42 6 3 0 0 0 0 0 7.65
12 5.4228 59 11 1 0 0 0 0 0 10.88
13 5.5069 151 27 3 2 0 0 0 0 27.42
14 5.0153 115 19 5 0 0 0 0 0 22.93
15 2.6923 101 15 5 3 0 1 0 0 33.80
16 5.7312 58 10 2 0 0 0 0 0 10.12
17 5.5437 52 8 2 2 0 0 0 0 9.38
18 3.7535 53 9 2 0 0 0 0 0 14.12
19 5.1054 46 6 4 0 0 0 0 0 9.01
#469 Lynch, Alan
Division Production Class U Category Factor Minor Squad 32
Stage Factor PTS A C D Ded. MI NS PE Time
1 3.2229 108 19 4 1 0 0 0 0 33.51
2 4.4861 55 11 0 0 0 0 0 0 12.26
3 2.7845 104 17 6 1 0 0 0 0 37.35
4 3.8338 141 24 7 0 0 1 0 0 34.17
5 3.4166 108 18 6 0 0 0 0 0 31.61
6 5.2261 52 10 0 2 0 0 0 0 9.95
7 4.0924 140 23 8 1 0 0 0 0 34.21
8 1.9646 51 9 2 0 0 0 0 0 25.96
9 2.3256 83 11 8 4 0 1 0 0 31.39
10 3.2542 106 20 2 0 0 1 0 0 29.50
11 4.4521 39 6 3 0 0 0 0 0 8.76
12 2.8884 47 8 2 1 0 1 0 0 12.81
13 4.0548 148 28 2 2 0 0 0 0 36.50
14 3.0046 95 15 6 2 0 1 0 0 28.29
15 2.0994 96 15 7 0 0 2 0 0 36.20
16 3.4795 50 8 3 1 0 0 0 0 14.37
17 3.8862 56 10 2 0 0 0 0 0 14.41
18 3.1757 47 7 4 0 0 0 0 0 14.80
19 2.4155 40 6 3 1 0 0 0 0 16.56
Printed Jul 31, 2026 16:51:16 ESS - Electronic Scoring System 39 of 65
Rooster Mountain 2026 - Handgun
Printed: Jul 31, 2026 16:51:16
#471 Koudelka, Petr
Division Open Class U Category Factor Minor Squad 26
Stage Factor PTS A C D Ded. MI NS PE Time
1 3.1523 112 20 4 0 0 0 0 0 35.53
2 5.1202 49 8 3 0 0 0 0 0 9.57
3 3.9188 112 21 2 1 0 0 0 0 28.58
4 6.4220 154 29 3 0 0 0 0 0 23.98
5 3.3509 108 19 4 1 0 0 0 0 32.23
6 3.2207 51 9 2 0 0 1 0 0 12.73
7 4.0816 144 24 8 0 0 0 0 0 35.28
8 3.1471 49 9 1 1 0 0 0 0 15.57
9 3.3506 110 20 3 1 0 0 0 0 32.83
10 3.9785 111 21 2 0 0 0 0 0 27.90
11 3.8978 29 3 4 2 0 0 0 0 7.44
12 3.4993 52 9 2 1 0 0 0 0 14.86
13 4.0584 150 27 5 0 0 0 0 0 36.96
14 3.7305 98 13 11 0 0 0 0 0 26.27
15 1.8955 98 18 2 2 0 2 0 0 41.15
16 5.7426 58 11 1 0 0 0 0 0 10.10
17 4.4412 60 12 0 0 0 0 0 0 13.51
18 3.1454 53 10 1 0 0 0 0 0 16.85
19 3.8217 42 7 2 1 0 0 0 0 10.99
#474 Spence, Martyn
Division Production Optics Class U Category S. Senior Factor Minor Squad 33
Stage Factor PTS A C D Ded. MI NS PE Time
1 2.8472 114 21 3 0 0 0 0 0 40.04
2 3.6003 49 8 3 0 0 0 0 0 13.61
3 2.7507 110 19 5 0 0 0 0 0 39.99
4 4.2781 152 29 2 1 0 0 0 0 35.53
5 3.5817 112 20 4 0 0 0 0 0 31.27
6 3.8564 58 11 1 0 0 0 0 0 15.04
7 3.7575 150 27 5 0 0 0 0 0 39.92
8 3.5169 53 10 1 0 0 0 0 0 15.07
9 2.5472 108 19 4 1 0 0 0 0 42.40
10 2.5362 105 19 3 1 0 0 0 0 41.40
11 2.2090 36 6 2 0 0 1 0 0 11.77
12 2.7996 60 12 0 0 0 0 1 0 17.86
13 3.7172 143 25 6 0 0 1 0 0 35.78
14 3.8296 116 22 2 0 0 0 0 0 30.29
15 1.1445 97 18 2 1 0 3 0 0 58.54
16 4.6765 60 12 0 0 0 0 0 0 12.83
17 3.6058 60 12 0 0 0 0 0 0 16.64
18 3.3823 53 10 1 0 0 0 0 0 15.67
19 3.0988 48 9 1 0 0 0 0 0 15.49
Printed Jul 31, 2026 16:51:16 ESS - Electronic Scoring System 40 of 65
Rooster Mountain 2026 - Handgun
Printed: Jul 31, 2026 16:51:16
#475 Gudbrand, Mikkel
Division Open Class U Category Senior Factor Major Squad 27
Stage Factor PTS A C D Ded. MI NS PE Time
1 4.6776 103 13 8 3 0 0 0 0 22.02
2 6.4871 53 9 2 0 0 0 0 0 8.17
3 4.4913 113 17 7 0 0 0 0 0 25.16
4 7.2736 147 23 7 2 0 0 0 0 20.21
5 4.7174 106 16 5 3 0 0 0 0 22.47
6 8.2531 60 12 0 0 0 0 0 0 7.27
7 5.4448 142 18 12 2 0 0 0 0 26.08
8 5.7631 54 10 1 0 0 0 0 0 9.37
9 4.1647 100 12 9 2 0 1 0 0 21.61
10 3.4893 101 17 3 2 0 1 0 0 26.08
11 6.5705 41 7 1 1 0 0 0 0 6.24
12 2.6557 49 9 1 0 0 2 0 0 10.92
13 5.5685 143 21 8 3 0 0 0 0 25.68
14 4.4094 101 15 5 3 0 1 1 0 18.37
15 3.0050 97 9 11 4 0 0 0 0 32.28
16 6.6511 57 9 3 0 0 0 0 0 8.57
17 6.4906 59 11 1 0 0 0 0 0 9.09
18 4.3750 49 5 6 0 0 0 0 0 11.20
19 6.1813 45 5 5 0 0 0 0 0 7.28
#482 Bakke, Einar
Division Production Class U Category Factor Minor Squad 33
Stage Factor PTS A C D Ded. MI NS PE Time
1 2.7666 99 16 6 1 0 1 0 0 32.17
2 5.0989 49 8 3 0 0 0 0 0 9.61
3 4.3639 118 23 1 0 0 0 0 0 27.04
4 3.5425 138 24 6 0 0 2 0 0 33.31
5 3.6796 96 14 8 2 0 0 0 0 26.09
6 3.5714 44 5 6 1 0 0 0 0 12.32
7 4.1846 146 25 7 0 0 0 0 0 34.89
8 3.0984 51 9 2 0 0 0 0 0 16.46
9 3.2000 112 21 2 1 0 0 0 0 35.00
10 2.7448 111 21 2 0 0 0 0 0 40.44
11 2.9412 34 5 3 0 0 1 0 0 8.16
12 2.3310 50 10 0 0 0 2 0 0 12.87
13 3.1293 147 27 4 0 0 1 0 0 43.78
14 3.9103 85 12 7 4 0 1 0 0 19.18
15 1.8496 87 13 6 4 0 1 0 0 41.63
16 5.6133 54 9 3 0 0 0 0 0 9.62
17 4.7098 56 10 2 0 0 0 0 0 11.89
18 3.1922 49 9 1 1 0 0 0 0 15.35
19 3.4521 41 7 2 0 0 1 0 0 8.98
Printed Jul 31, 2026 16:51:16 ESS - Electronic Scoring System 41 of 65
Rooster Mountain 2026 - Handgun
Printed: Jul 31, 2026 16:51:16
#483 Pico, Steen
Division Standard Class U Category Grand Senior Factor Minor Squad 38
Stage Factor PTS A C D Ded. MI NS PE Time
1 2.5460 94 13 9 2 0 0 0 0 36.92
2 4.2164 53 10 1 0 0 0 0 0 12.57
3 2.6790 116 22 2 0 0 0 0 0 43.30
4 4.1398 154 29 3 0 0 0 0 0 37.20
5 3.3063 110 19 5 0 0 0 0 0 33.27
6 4.8820 60 12 0 0 0 0 0 0 12.29
7 3.9780 152 28 4 0 0 0 0 0 38.21
8 2.9842 51 9 2 0 0 0 0 0 17.09
9 2.8004 110 19 5 0 0 0 0 0 39.28
10 2.5820 111 21 2 0 0 0 0 0 42.99
11 2.2617 38 7 1 0 0 1 0 0 12.38
12 2.6940 50 7 5 0 0 0 0 0 18.56
13 3.5387 145 26 5 0 0 1 0 0 38.15
14 3.8777 104 17 6 1 0 0 0 0 26.82
15 1.2978 85 13 6 2 0 3 0 0 42.38
16 4.2151 58 11 1 0 0 0 0 0 13.76
17 4.0698 56 10 2 0 0 0 0 0 13.76
18 3.4776 49 8 3 0 0 0 0 0 14.09
19 3.7453 40 6 3 1 0 0 0 0 10.68
#491 Johansson, Håkan
Division Open Class U Category Factor Minor Squad 37
Stage Factor PTS A C D Ded. MI NS PE Time
1 4.0375 112 20 4 0 0 0 0 0 27.74
2 5.2905 51 9 2 0 0 0 0 0 9.64
3 4.3885 108 19 4 1 0 0 0 0 24.61
4 5.2614 158 31 1 0 0 0 0 0 30.03
5 5.1461 118 23 1 0 0 0 0 0 22.93
6 5.7022 54 9 3 0 0 0 0 0 9.47
7 4.9052 150 27 5 0 0 0 0 0 30.58
8 5.1000 51 10 0 1 0 0 0 0 10.00
9 3.5382 114 21 3 0 0 0 0 0 32.22
10 6.0822 111 21 2 0 0 0 0 0 18.25
11 7.6661 45 9 0 0 0 0 0 0 5.87
12 3.4527 54 9 3 0 0 0 0 0 15.64
13 4.5016 140 23 8 1 0 0 0 0 31.10
14 5.5110 110 19 5 0 0 0 0 0 19.96
15 2.8335 106 19 3 2 0 0 0 0 37.41
16 6.0423 60 12 0 0 0 0 0 0 9.93
17 5.3753 58 11 1 0 0 0 0 0 10.79
18 3.9516 49 8 3 0 0 0 0 0 12.40
19 6.2992 48 9 1 0 0 0 0 0 7.62
Printed Jul 31, 2026 16:51:16 ESS - Electronic Scoring System 42 of 65
Rooster Mountain 2026 - Handgun
Printed: Jul 31, 2026 16:51:16
#492 Holmkvist, Frida
Division Open Class U Category Lady Factor Minor Squad 37
Stage Factor PTS A C D Ded. MI NS PE Time
4 0.0000 0 0 0 0 0 0 0 0 0.00
5 0.0000 0 0 0 0 0 0 0 0 0.00
6 3.2366 58 11 1 0 0 0 0 0 17.92
7 0.0000 0 0 0 0 0 0 0 0 0.00
9 0.0000 0 0 0 0 0 0 0 0 0.00
11 0.0000 0 0 0 0 0 0 0 0 0.00
12 0.0000 0 0 0 0 0 0 0 0 0.00
13 0.0000 0 0 0 0 0 0 0 0 0.00
15 0.0000 0 0 0 0 0 0 0 0 0.00
16 0.0000 0 0 0 0 0 0 0 0 0.00
17 0.0000 0 0 0 0 0 0 0 0 0.00
18 0.0000 0 0 0 0 0 0 0 0 0.00
19 0.0000 0 0 0 0 0 0 0 0 0.00
#493 Souhuwat, Marcel
Division Production Optics Class U Category Factor Minor Squad 38
Stage Factor PTS A C D Ded. MI NS PE Time
1 5.2390 114 21 3 0 0 0 0 0 21.76
2 7.1014 49 9 1 1 0 0 0 0 6.90
3 5.7539 108 18 6 0 0 0 0 0 18.77
4 5.9325 146 25 7 0 0 0 0 0 24.61
5 5.7113 108 18 6 0 0 0 0 0 18.91
6 7.0423 60 12 0 0 0 0 0 0 8.52
7 5.9653 148 26 6 0 0 0 0 0 24.81
8 4.7343 49 9 1 1 0 0 0 0 10.35
9 4.1123 104 17 6 1 0 0 0 0 25.29
10 5.4398 107 19 4 0 0 0 0 0 19.67
11 6.9243 43 8 1 0 0 0 0 0 6.21
12 3.7975 52 8 4 0 0 0 1 0 11.06
13 5.2446 129 21 7 3 0 1 0 0 22.69
14 6.1958 100 14 10 0 0 0 0 0 16.14
15 3.3826 97 16 5 2 0 1 0 0 25.72
16 7.4906 60 12 0 0 0 0 0 0 8.01
17 6.6445 60 12 0 0 0 0 0 0 9.03
18 4.8023 51 9 2 0 0 0 0 0 10.62
19 7.0470 42 6 4 0 0 0 0 0 5.96
Printed Jul 31, 2026 16:51:16 ESS - Electronic Scoring System 43 of 65
Rooster Mountain 2026 - Handgun
Printed: Jul 31, 2026 16:51:16
#494 Fleischer, Alexander
Division Production Class U Category Factor Minor Squad 35
Stage Factor PTS A C D Ded. MI NS PE Time
1 5.5000 110 21 1 2 0 0 0 0 20.00
2 7.7827 53 10 1 0 0 0 0 0 6.81
3 5.5221 110 19 5 0 0 0 0 0 19.92
4 6.9185 152 28 4 0 0 0 0 0 21.97
5 5.5894 110 19 5 0 0 0 0 0 19.68
6 7.7348 56 10 2 0 0 0 0 0 7.24
7 5.5282 146 26 5 1 0 0 0 0 26.41
8 5.1354 55 11 0 0 0 0 0 0 10.71
9 4.5065 100 14 10 0 0 0 0 0 22.19
10 6.3574 111 21 2 0 0 0 0 0 17.46
11 6.2626 31 5 1 3 0 0 0 0 4.95
12 3.8261 44 6 4 2 0 0 0 0 11.50
13 6.3318 150 28 3 1 0 0 0 0 23.69
14 5.6771 106 18 5 1 0 0 1 0 16.91
15 2.5824 75 9 8 6 0 1 0 0 25.17
16 6.1497 46 5 7 0 0 0 0 0 7.48
17 6.4865 60 12 0 0 0 0 0 0 9.25
18 4.1247 41 4 7 0 0 0 0 0 9.94
19 7.1097 46 8 2 0 0 0 0 0 6.47
#495 Burkatovski, Alexander
Division Standard Class U Category Factor Major Squad 35
Stage Factor PTS A C D Ded. MI NS PE Time
1 4.9041 115 19 5 0 0 0 0 0 23.45
2 6.7925 54 10 1 0 0 0 0 0 7.95
3 4.8791 117 21 3 0 0 0 0 0 23.98
4 6.2197 151 27 4 0 0 1 0 0 22.67
5 5.2882 111 19 3 2 0 0 0 0 20.99
6 7.2304 59 11 1 0 0 0 0 0 8.16
7 5.5394 152 24 8 0 0 0 0 0 27.44
8 4.4331 52 10 0 1 0 0 0 0 11.73
9 4.3895 110 16 7 1 0 0 0 0 25.06
10 5.3691 112 20 3 0 0 0 0 0 20.86
11 4.7078 39 7 1 0 0 1 0 0 6.16
12 4.4351 52 8 3 0 0 1 0 0 9.47
13 5.4953 152 26 5 1 0 0 0 0 27.66
14 5.2088 111 19 3 2 0 0 0 0 21.31
15 2.8249 100 14 6 3 0 1 0 0 31.86
16 7.2682 58 10 2 0 0 0 0 0 7.98
17 6.4906 59 11 1 0 0 0 0 0 9.09
18 4.7619 54 10 1 0 0 0 0 0 11.34
19 6.0606 48 8 2 0 0 0 0 0 7.92
Printed Jul 31, 2026 16:51:16 ESS - Electronic Scoring System 44 of 65
Rooster Mountain 2026 - Handgun
Printed: Jul 31, 2026 16:51:16
#496 Burkatovski, Ekaterina
Division Open Class U Category Lady Factor Minor Squad 35
Stage Factor PTS A C D Ded. MI NS PE Time
1 3.4998 96 14 8 2 0 0 0 0 27.43
2 5.8486 51 9 2 0 0 0 0 0 8.72
3 4.6696 118 23 1 0 0 0 0 0 25.27
4 5.1895 152 28 4 0 0 0 0 0 29.29
5 4.4731 104 17 6 1 0 0 0 0 23.25
6 4.9850 50 7 5 0 0 0 0 0 10.03
7 3.2278 126 19 10 1 0 2 0 0 32.84
8 4.6248 53 10 1 0 0 0 0 0 11.46
9 3.2871 102 15 9 0 0 0 0 0 31.03
10 4.2226 107 19 4 0 0 0 0 0 25.34
11 5.2972 41 7 2 0 0 0 0 0 7.74
12 4.3716 56 10 2 0 0 0 0 0 12.81
13 3.6328 132 21 9 0 0 2 0 0 30.83
14 4.5947 106 18 5 1 0 0 0 0 23.07
15 1.9483 84 12 7 3 0 2 0 0 32.85
16 5.7911 56 10 2 0 0 0 0 0 9.67
17 3.6825 58 11 1 0 0 0 0 0 15.75
18 2.9703 51 9 2 0 0 0 0 0 17.17
19 4.2239 40 5 5 0 0 0 0 0 9.47
#504 Friis, Brian
Division Production Class U Category Senior Factor Minor Squad 39
Stage Factor PTS A C D Ded. MI NS PE Time
1 2.0237 97 15 7 1 0 1 0 0 42.99
2 2.5037 44 7 3 0 0 1 0 0 13.58
3 3.3063 102 15 9 0 0 0 0 0 30.85
4 2.7363 128 20 9 1 0 2 0 0 39.47
5 2.1199 90 13 8 1 0 2 0 0 33.02
6 4.5840 54 9 3 0 0 0 0 0 11.78
7 3.8055 144 25 6 1 0 0 0 0 37.84
8 3.4460 53 10 1 0 0 0 0 0 15.38
9 1.9771 96 17 3 2 0 2 0 0 38.44
10 3.2082 104 19 3 0 0 1 0 0 29.30
11 3.7584 38 7 1 0 0 1 0 0 7.45
12 3.1288 52 8 4 0 0 0 0 0 16.62
13 2.7683 134 23 6 1 0 2 0 0 41.18
14 2.3744 86 11 9 4 0 0 0 0 36.22
15 1.1686 80 12 6 2 0 4 0 0 34.23
16 3.1790 56 10 2 0 0 0 1 0 14.47
17 3.0568 56 10 2 0 0 0 0 0 18.32
18 2.3107 47 7 4 0 0 0 0 0 20.34
19 2.3614 33 4 4 1 0 1 0 0 9.74
Printed Jul 31, 2026 16:51:16 ESS - Electronic Scoring System 45 of 65
Rooster Mountain 2026 - Handgun
Printed: Jul 31, 2026 16:51:16
#505 Svendsgaard, Kenneth
Division Production Optics Class U Category Factor Minor Squad 34
Stage Factor PTS A C D Ded. MI NS PE Time
1 3.4777 102 16 7 1 0 0 0 0 29.33
2 6.2195 51 9 2 0 0 0 0 0 8.20
3 4.0444 102 16 7 1 0 0 0 0 25.22
4 4.6468 150 27 5 0 0 0 0 0 32.28
5 3.4948 98 16 5 3 0 0 1 0 25.18
6 4.7538 56 10 2 0 0 0 0 0 11.78
7 3.8989 128 18 12 2 0 0 0 0 32.83
8 2.0171 50 10 0 0 0 1 0 0 19.83
9 3.3624 104 18 4 2 0 0 0 0 30.93
10 3.9698 105 18 5 0 0 0 0 0 26.45
11 1.0147 29 5 1 1 0 2 0 0 8.87
12 2.8302 49 8 3 0 0 1 0 0 13.78
13 3.7895 131 20 10 1 0 1 0 0 31.93
14 3.5573 90 13 7 4 0 0 0 0 25.30
15 2.0386 96 16 5 1 0 2 0 0 37.28
16 5.8175 58 11 1 0 0 0 0 0 9.97
17 4.7319 60 12 0 0 0 0 0 0 12.68
18 2.7027 37 4 5 2 0 0 0 0 13.69
19 4.1280 40 5 5 0 0 0 0 0 9.69
#509 Schürmann, Heinz
Division Optics Class U Category S. Senior Factor Minor Squad 28
Stage Factor PTS A C D Ded. MI NS PE Time
1 3.1313 108 18 6 0 0 0 0 0 34.49
2 6.2429 55 11 0 0 0 0 0 0 8.81
3 3.1336 114 21 3 0 0 0 0 0 36.38
4 3.6518 145 26 5 0 0 1 1 0 34.23
5 3.5503 114 21 3 0 0 0 0 0 32.11
6 4.4410 58 11 1 0 0 0 0 0 13.06
7 3.4832 148 26 6 0 0 0 0 0 42.49
8 2.6190 55 11 0 0 0 0 0 0 21.00
9 2.1789 106 20 2 0 0 2 1 0 34.88
10 3.0005 113 22 1 0 0 0 0 0 37.66
11 2.6961 32 5 2 1 0 1 0 0 8.16
12 4.5125 56 10 2 0 0 0 0 0 12.41
13 4.4356 156 30 2 0 0 0 0 0 35.17
14 3.9867 108 18 6 0 0 0 0 0 27.09
15 1.9514 110 19 5 0 0 0 0 0 56.37
16 3.2864 56 10 2 0 0 0 0 0 17.04
17 3.3030 58 11 1 0 0 0 0 0 17.56
18 2.0843 53 10 1 0 0 0 0 1 20.63
19 3.6778 42 6 4 0 0 0 0 0 11.42
Printed Jul 31, 2026 16:51:16 ESS - Electronic Scoring System 46 of 65
Rooster Mountain 2026 - Handgun
Printed: Jul 31, 2026 16:51:16
#512 Jonkers, Chris
Division Open Class U Category S. Senior Factor Major Squad 37
Stage Factor PTS A C D Ded. MI NS PE Time
1 2.9338 104 12 11 0 0 1 0 0 32.04
2 2.9126 47 7 3 0 0 1 1 0 9.27
3 2.7909 112 18 5 1 0 0 0 0 40.13
4 0.0000 34 6 1 0 0 25 0 9 9.88
5 3.2613 102 14 7 2 0 1 0 0 28.21
6 4.1699 53 7 4 1 0 0 0 0 12.71
7 2.9638 141 21 8 2 0 1 0 0 44.20
8 3.3801 53 9 2 0 0 0 0 0 15.68
9 2.9165 101 11 10 3 0 0 0 0 34.63
10 3.2167 102 16 4 3 0 0 0 0 31.71
11 4.8495 39 7 1 0 0 1 0 0 5.98
12 1.9944 53 9 2 0 0 1 0 0 21.56
13 1.9441 123 21 3 3 0 5 0 0 37.55
14 4.5113 102 14 6 4 0 0 0 0 22.61
15 1.7885 100 16 4 2 0 2 0 0 44.73
16 5.5766 59 11 1 0 0 0 0 0 10.58
17 1.8662 53 7 4 1 0 0 0 0 28.40
18 3.3984 47 5 5 1 0 0 0 0 13.83
19 4.4148 43 3 7 0 0 0 0 0 9.74
#513 Reppe, Jens
Division Production Class U Category S. Senior Factor Minor Squad 32
Stage Factor PTS A C D Ded. MI NS PE Time
1 3.2106 102 17 5 2 0 0 0 0 31.77
2 5.5305 49 9 1 1 0 0 0 0 8.86
3 3.1471 99 16 6 1 0 1 0 0 28.28
4 3.8270 138 22 9 1 0 0 0 0 36.06
5 3.7736 100 16 6 2 0 0 0 0 26.50
6 4.7710 50 7 5 0 0 0 0 0 10.48
7 3.8835 128 19 10 3 0 0 0 0 32.96
8 3.6823 51 9 2 0 0 0 0 0 13.85
9 2.1340 92 14 7 1 0 2 0 0 33.74
10 3.2988 105 20 1 2 0 0 0 0 31.83
11 4.4360 35 5 3 1 0 0 0 0 7.89
12 3.8889 56 10 2 0 0 0 0 0 14.40
13 3.9174 139 24 6 1 0 1 0 0 32.93
14 3.3107 93 13 9 1 0 1 0 0 25.07
15 2.6294 94 11 13 0 0 0 0 0 35.75
16 5.1282 54 9 3 0 0 0 0 0 10.53
17 4.1921 48 7 4 1 0 0 0 0 11.45
18 3.7308 51 9 2 0 0 0 0 0 13.67
19 4.1136 42 6 4 0 0 0 0 0 10.21
Printed Jul 31, 2026 16:51:16 ESS - Electronic Scoring System 47 of 65
Rooster Mountain 2026 - Handgun
Printed: Jul 31, 2026 16:51:16
#514 Martinsson, Per
Division Production Optics Class U Category Factor Minor Squad 33
Stage Factor PTS A C D Ded. MI NS PE Time
1 2.5523 94 12 11 1 0 0 0 0 36.83
2 1.2766 44 8 1 1 0 1 1 0 18.80
3 3.3680 110 19 5 0 0 0 0 0 32.66
4 4.6011 154 29 3 0 0 0 0 0 33.47
5 3.8719 110 19 5 0 0 0 0 0 28.41
6 4.4665 54 10 1 1 0 0 0 0 12.09
7 3.6902 132 19 12 1 0 0 0 0 35.77
8 4.4688 53 10 1 0 0 0 0 0 11.86
9 2.8924 96 13 10 1 0 0 0 0 33.19
10 3.8106 103 18 4 1 0 0 0 0 27.03
11 3.2020 36 7 0 1 0 1 0 0 8.12
12 1.9011 50 8 3 1 0 0 1 0 21.04
13 4.0633 136 20 12 0 0 0 0 0 33.47
14 3.1418 92 11 12 1 0 0 1 0 26.10
15 2.0671 91 14 7 0 0 3 0 0 29.51
16 4.3991 56 10 2 0 0 0 0 0 12.73
17 4.7847 60 12 0 0 0 0 0 0 12.54
18 3.3865 51 9 2 0 0 0 0 0 15.06
19 4.5098 46 8 2 0 0 0 0 0 10.20
#515 Sundén, Caisa
Division Production Optics Class U Category Lady Factor Minor Squad 33
Stage Factor PTS A C D Ded. MI NS PE Time
1 3.2602 110 19 5 0 0 0 0 0 33.74
2 4.9395 49 9 1 1 0 0 0 0 9.92
3 2.7805 104 19 3 0 0 2 0 0 30.21
4 3.8439 139 26 2 3 0 1 0 0 33.56
5 3.8517 106 17 7 0 0 0 0 0 27.52
6 4.1018 58 11 1 0 0 0 0 0 14.14
7 3.8492 146 26 5 1 0 0 0 0 37.93
8 3.6628 53 10 1 0 0 0 0 0 14.47
9 2.6659 98 15 7 2 0 0 0 0 36.76
10 3.3396 107 19 4 0 0 0 0 0 32.04
11 3.1250 33 5 2 2 0 0 0 0 10.56
12 0.8012 41 8 0 1 0 3 0 0 13.73
13 3.7317 138 22 9 1 0 0 0 0 36.98
14 3.8947 108 20 2 2 0 0 0 0 27.73
15 2.3676 110 20 3 1 0 0 0 0 46.46
16 3.8217 54 9 3 0 0 0 0 0 14.13
17 4.0846 56 10 2 0 0 0 0 0 13.71
18 2.8539 51 9 2 0 0 0 0 0 17.87
19 3.8973 44 7 3 0 0 0 0 0 11.29
Printed Jul 31, 2026 16:51:16 ESS - Electronic Scoring System 48 of 65
Rooster Mountain 2026 - Handgun
Printed: Jul 31, 2026 16:51:16
#516 Denwood, Dorothea
Division Optics Class U Category Lady Senior Factor Minor Squad 33
Stage Factor PTS A C D Ded. MI NS PE Time
1 4.0582 106 19 3 2 0 0 0 0 26.12
2 7.2848 55 11 0 0 0 0 0 0 7.55
3 4.3956 104 16 8 0 0 0 0 0 23.66
4 4.5012 134 21 9 2 0 0 0 0 29.77
5 3.5780 107 19 4 0 0 1 0 0 27.11
6 5.2798 50 7 5 0 0 0 0 0 9.47
7 4.2179 137 23 7 1 0 1 0 0 30.11
8 3.7405 49 8 3 0 0 0 0 0 13.10
9 2.9373 99 17 4 2 0 1 0 0 30.30
10 4.3810 109 20 3 0 0 0 0 0 24.88
11 2.6786 40 8 0 0 0 1 0 0 11.20
12 4.3178 50 9 1 2 0 0 0 0 11.58
13 5.2450 152 28 4 0 0 0 0 0 28.98
14 4.8113 102 16 7 1 0 0 0 0 21.20
15 2.9300 100 15 8 1 0 0 0 0 34.13
16 5.3846 56 10 2 0 0 0 0 0 10.40
17 2.8957 58 11 1 0 0 0 0 0 20.03
18 3.8202 51 9 2 0 0 0 0 0 13.35
19 5.2632 44 7 3 0 0 0 0 0 8.36
#517 Denwood, Demi
Division Production Optics Class U Category Lady Factor Minor Squad 33
Stage Factor PTS A C D Ded. MI NS PE Time
1 4.2789 108 18 6 0 0 0 0 0 25.24
2 6.2583 47 7 4 0 0 0 0 0 7.51
3 5.3671 106 17 7 0 0 0 0 0 19.75
4 4.8986 136 23 7 0 0 2 0 0 23.68
5 4.2009 92 14 6 4 0 0 0 0 21.90
6 6.1200 50 8 3 1 0 0 0 0 8.17
7 5.0297 144 24 8 0 0 0 0 0 28.63
8 5.4082 53 10 1 0 0 0 0 0 9.80
9 3.0365 104 17 6 1 0 0 0 0 34.25
10 4.5792 105 18 5 0 0 0 0 0 22.93
11 4.7566 43 8 1 0 0 0 0 0 9.04
12 4.6624 58 11 1 0 0 0 0 0 12.44
13 4.4973 133 21 9 1 0 1 0 0 27.35
14 5.2773 98 14 9 1 0 0 0 0 18.57
15 1.7863 89 14 6 1 0 3 0 0 33.03
16 5.9134 56 10 2 0 0 0 0 0 9.47
17 3.4050 38 5 3 4 0 0 0 0 11.16
18 3.2192 47 7 4 0 0 0 0 0 14.60
19 5.0273 46 8 2 0 0 0 0 0 9.15
Printed Jul 31, 2026 16:51:16 ESS - Electronic Scoring System 49 of 65
Rooster Mountain 2026 - Handgun
Printed: Jul 31, 2026 16:51:16
#519 Schulz, Mikkel
Division Production Class U Category Factor Minor Squad 39
Stage Factor PTS A C D Ded. MI NS PE Time
1 3.9116 108 19 4 1 0 0 0 0 27.61
2 5.8965 49 8 3 0 0 0 0 0 8.31
3 4.0304 116 22 2 0 0 0 1 0 26.30
4 5.1867 150 27 5 0 0 0 0 0 28.92
5 4.1649 100 15 8 1 0 0 0 0 24.01
6 4.3154 52 8 4 0 0 0 0 0 12.05
7 4.3414 146 26 5 1 0 0 0 0 33.63
8 3.6930 51 10 0 1 0 0 0 0 13.81
9 3.3087 94 13 9 2 0 0 0 0 28.41
10 4.5122 111 21 2 0 0 0 0 0 24.60
11 0.7650 27 4 2 1 0 2 0 0 9.15
12 4.5886 58 11 1 0 0 0 0 0 12.64
13 3.4133 131 23 5 1 0 3 0 0 29.59
14 4.2265 100 15 8 1 0 0 0 0 23.66
15 2.1545 95 16 5 0 0 3 0 0 30.17
16 4.5455 56 10 2 0 0 0 0 0 12.32
17 3.9492 56 10 2 0 0 0 0 0 14.18
18 3.3175 49 8 3 0 0 0 0 0 14.77
19 4.5954 46 8 2 0 0 0 0 0 10.01
#520 Bagger, Christian
Division Optics Class U Category Senior Factor Minor Squad 39
Stage Factor PTS A C D Ded. MI NS PE Time
1 4.7720 112 20 4 0 0 0 0 0 23.47
2 7.0385 53 10 1 0 0 0 0 0 7.53
3 5.8552 114 21 3 0 0 0 0 0 19.47
4 6.1500 146 26 5 1 0 0 0 0 23.74
5 5.1595 110 19 5 0 0 0 0 0 21.32
6 6.5728 56 10 2 0 0 0 0 0 8.52
7 4.8240 148 26 6 0 0 0 0 0 30.68
8 5.6263 53 10 1 0 0 0 0 0 9.42
9 3.8719 104 17 6 1 0 0 0 0 26.86
10 5.1942 111 21 2 0 0 0 0 0 21.37
11 5.6277 39 7 1 1 0 0 0 0 6.93
12 5.5391 56 10 2 0 0 0 0 0 10.11
13 5.3179 143 25 6 0 0 1 0 0 25.01
14 5.2140 106 18 5 1 0 0 0 0 20.33
15 2.5300 96 17 3 2 0 2 0 0 30.04
16 5.4737 52 8 4 0 0 0 0 0 9.50
17 5.5662 58 11 1 0 0 0 0 0 10.42
18 2.5157 42 6 4 0 0 1 0 0 12.72
19 5.5491 48 9 1 0 0 0 0 0 8.65
Printed Jul 31, 2026 16:51:16 ESS - Electronic Scoring System 50 of 65
Rooster Mountain 2026 - Handgun
Printed: Jul 31, 2026 16:51:16
#521 Böttcher, Göksel
Division Standard Class U Category Factor Minor Squad 35
Stage Factor PTS A C D Ded. MI NS PE Time
1 2.8754 108 18 6 0 0 0 0 0 37.56
2 1.3300 41 8 0 1 0 2 0 0 15.79
3 3.4450 110 19 5 0 0 0 0 0 31.93
4 3.8835 144 25 6 1 0 0 0 0 37.08
5 3.4806 104 17 6 1 0 0 0 0 29.88
6 3.6630 50 7 5 0 0 0 0 0 13.65
7 3.6604 144 24 8 0 0 0 0 0 39.34
8 3.4700 55 11 0 0 0 0 0 0 15.85
9 2.1623 95 14 8 1 0 1 0 0 39.31
10 2.6443 109 20 3 0 0 0 0 0 41.22
11 2.0747 30 4 3 1 0 1 0 0 9.64
12 2.7027 51 9 2 0 0 1 0 0 15.17
13 3.5225 144 26 4 2 0 0 0 0 40.88
14 3.7993 106 18 5 1 0 0 0 0 27.90
15 1.0344 92 16 4 0 0 4 0 0 50.27
16 4.5234 56 10 2 0 0 0 0 0 12.38
17 3.6530 56 10 2 0 0 0 0 0 15.33
18 2.9565 51 9 2 0 0 0 0 0 17.25
19 4.1276 44 7 3 0 0 0 0 0 10.66
#522 Erfort, Claudia
Division Production Optics Class U Category Lady Factor Minor Squad 39
Stage Factor PTS A C D Ded. MI NS PE Time
1 1.5142 96 14 8 2 0 0 0 0 63.40
2 2.9518 49 8 3 0 0 0 0 0 16.60
3 1.2718 95 15 6 2 0 1 1 0 58.97
4 2.5724 145 26 5 0 0 1 0 0 52.48
5 0.2579 69 7 11 1 0 5 0 1 34.90
6 3.0713 50 8 3 1 0 0 0 0 16.28
7 1.9104 103 11 14 6 0 1 0 0 48.68
8 1.9186 49 8 3 0 0 0 0 0 25.54
9 1.9391 98 13 11 0 0 0 0 0 50.54
10 1.6032 98 18 2 2 0 1 0 0 54.89
11 4.2286 37 6 2 1 0 0 0 0 8.75
12 0.8447 38 6 2 2 0 2 0 0 21.31
13 2.3269 129 21 7 3 0 1 0 0 51.14
14 2.1623 91 14 6 3 0 1 0 0 37.46
15 1.4682 92 14 7 1 0 2 0 0 49.04
16 2.0739 56 10 2 0 0 0 1 0 22.18
17 0.7493 51 9 2 0 0 1 0 0 54.72
18 2.0703 43 5 6 0 0 0 0 0 20.77
19 1.2158 28 3 3 4 0 0 0 0 23.03
Printed Jul 31, 2026 16:51:16 ESS - Electronic Scoring System 51 of 65
Rooster Mountain 2026 - Handgun
Printed: Jul 31, 2026 16:51:16
#523 Erfort, Karsten
Division Production Optics Class U Category Senior Factor Minor Squad 39
Stage Factor PTS A C D Ded. MI NS PE Time
1 3.3470 90 13 7 4 0 0 0 0 26.89
2 5.1095 49 8 3 0 0 0 0 0 9.59
3 3.7915 104 17 6 1 0 0 0 0 27.43
4 4.6022 140 23 8 1 0 0 0 0 30.42
5 2.5224 82 11 8 3 0 2 0 0 24.58
6 3.7037 48 7 4 1 0 0 0 0 12.96
7 4.0532 128 19 10 3 0 0 0 0 31.58
8 2.1619 51 9 2 0 0 0 0 0 23.59
9 2.0045 73 6 13 4 0 1 0 0 31.43
10 3.7896 103 17 6 0 0 0 0 0 27.18
11 4.0789 31 4 3 2 0 0 0 0 7.60
12 2.8386 48 9 0 3 0 0 0 0 16.91
13 4.1682 127 20 8 3 0 1 0 0 28.07
14 3.7820 102 17 5 2 0 0 0 0 26.97
15 2.0435 82 11 8 3 0 2 0 0 30.34
16 2.9412 46 8 1 3 0 0 1 0 12.24
17 3.2648 54 9 3 0 0 0 0 0 16.54
18 3.4023 51 9 2 0 0 0 0 0 14.99
19 3.3363 38 4 6 0 0 0 0 0 11.39
#527 Kahl, Michael
Division Standard Class U Category Factor Major Squad 26
Stage Factor PTS A C D Ded. MI NS PE Time
1 4.4682 113 17 7 0 0 0 0 0 25.29
2 7.5036 52 8 3 0 0 0 0 0 6.93
3 4.7308 116 20 4 0 0 0 0 0 24.52
4 6.0380 156 28 4 0 0 0 1 0 24.18
5 4.7214 110 18 5 0 0 1 0 0 21.18
6 6.4103 55 7 5 0 0 0 0 0 8.58
7 4.9174 147 25 5 1 0 1 0 0 27.86
8 4.8758 53 9 2 0 0 0 0 0 10.87
9 4.3364 115 19 5 0 0 0 0 0 26.52
10 5.6338 108 16 7 0 0 0 0 0 19.17
11 5.9420 41 7 1 1 0 0 0 0 6.90
12 5.9748 57 9 3 0 0 0 0 0 9.54
13 6.0950 145 21 9 2 0 0 0 0 23.79
14 3.2134 90 10 9 2 0 3 0 1 15.56
15 3.1143 110 18 5 0 0 1 0 0 32.11
16 7.2802 53 7 4 1 0 0 0 0 7.28
17 5.6147 58 10 2 0 0 0 0 0 10.33
18 4.9275 51 7 4 0 0 0 0 0 10.35
19 6.2319 43 7 1 2 0 0 0 0 6.90
Printed Jul 31, 2026 16:51:16 ESS - Electronic Scoring System 52 of 65
Rooster Mountain 2026 - Handgun
Printed: Jul 31, 2026 16:51:16
#528 Kahl, Nicolas
Division Production Class U Category Junior Factor Minor Squad 26
Stage Factor PTS A C D Ded. MI NS PE Time
1 3.3904 103 17 6 0 0 1 0 0 27.43
2 8.0916 53 10 1 0 0 0 0 0 6.55
3 4.5336 104 16 8 0 0 0 0 0 22.94
4 5.7506 154 29 3 0 0 0 0 0 26.78
5 5.2045 112 20 4 0 0 0 0 0 21.52
6 7.0000 56 10 2 0 0 0 0 0 8.00
7 4.6554 139 23 8 0 0 1 0 0 27.71
8 6.6425 55 11 0 0 0 0 0 0 8.28
9 4.0800 104 17 6 1 0 0 0 0 25.49
10 4.8556 111 21 2 0 0 0 0 0 22.86
11 6.6427 37 5 4 0 0 0 0 0 5.57
12 3.9971 56 10 2 0 0 0 0 0 14.01
13 5.1098 145 27 3 1 0 1 0 0 26.42
14 3.8462 81 10 9 4 0 1 0 0 18.46
15 2.2436 93 16 4 1 0 3 0 0 28.08
16 4.6512 52 8 4 0 0 0 1 0 9.03
17 6.1920 60 12 0 0 0 0 0 0 9.69
18 4.0452 43 5 6 0 0 0 0 0 10.63
19 6.1617 48 9 1 0 0 0 0 0 7.79
#529 Langkjær, Finn
Division Production Optics Class U Category Senior Factor Minor Squad 39
Stage Factor PTS A C D Ded. MI NS PE Time
1 3.8768 112 20 4 0 0 0 0 0 28.89
2 5.2684 53 10 1 0 0 0 0 0 10.06
3 4.5084 116 22 2 0 0 0 0 0 25.73
4 5.2111 158 31 1 0 0 0 0 0 30.32
5 4.6745 112 20 4 0 0 0 0 0 23.96
6 4.9743 58 11 1 0 0 0 0 0 11.66
7 4.6675 146 25 7 0 0 0 0 0 31.28
8 5.2320 53 10 1 0 0 0 0 0 10.13
9 3.6077 110 19 5 0 0 0 0 0 30.49
10 4.5269 111 22 0 1 0 0 0 0 24.52
11 5.8140 45 9 0 0 0 0 0 0 7.74
12 5.1327 58 11 1 0 0 0 0 0 11.30
13 4.9130 144 26 4 2 0 0 0 0 29.31
14 4.8246 110 19 5 0 0 0 0 0 22.80
15 2.7490 95 14 8 1 0 1 0 0 30.92
16 5.7143 58 11 1 0 0 0 0 0 10.15
17 4.5627 60 12 0 0 0 0 0 0 13.15
18 3.8651 55 11 0 0 0 0 0 0 14.23
19 4.6653 46 8 2 0 0 0 0 0 9.86
Printed Jul 31, 2026 16:51:16 ESS - Electronic Scoring System 53 of 65
Rooster Mountain 2026 - Handgun
Printed: Jul 31, 2026 16:51:16
#533 Sjøholm, Lotte Høst
Division Production Optics Class U Category S. Senior Factor Minor Squad 41
Stage Factor PTS A C D Ded. MI NS PE Time
1 2.2074 106 18 5 1 0 0 0 0 48.02
2 0.9237 43 8 1 0 0 2 0 0 24.90
3 1.5585 104 17 6 1 0 0 0 0 66.73
4 2.9016 140 23 8 1 0 0 0 0 48.25
5 2.0732 98 15 7 2 0 0 0 0 47.27
6 2.4375 49 8 3 0 0 1 0 0 16.00
7 2.0574 134 21 9 2 0 0 0 0 65.13
8 0.8242 44 7 3 0 0 1 0 0 41.25
9 1.4992 87 11 10 2 0 1 0 0 51.36
10 1.9549 111 21 2 0 0 0 0 0 56.78
11 0.6173 33 6 1 0 0 2 0 0 21.06
12 1.1041 56 10 2 0 0 0 0 0 50.72
13 1.5680 133 23 6 0 0 3 0 0 65.69
14 2.2053 104 16 8 0 0 0 0 0 47.16
15 0.8365 89 14 6 1 0 3 0 0 70.53
16 1.7128 54 10 1 1 0 0 2 0 19.85
17 0.4027 39 7 1 1 0 3 0 0 22.35
18 2.1369 49 8 3 0 0 0 0 0 22.93
19 3.4029 44 7 3 0 0 0 0 0 12.93
#534 Dyrholm Sjøholm, Claus
Division Production Optics Class U Category Senior Factor Minor Squad 41
Stage Factor PTS A C D Ded. MI NS PE Time
1 3.8136 90 12 9 3 0 0 0 0 23.60
2 4.9345 49 9 1 1 0 0 0 0 9.93
3 4.7680 112 20 4 0 0 0 0 0 23.49
4 5.6140 144 25 6 1 0 0 0 0 25.65
5 4.7138 98 15 7 2 0 0 0 0 20.79
6 5.2632 54 9 3 0 0 0 0 0 10.26
7 4.4318 140 23 8 1 0 0 0 0 31.59
8 3.4456 45 7 3 1 0 0 0 0 13.06
9 3.4021 94 12 11 1 0 0 0 0 27.63
10 4.6419 105 18 5 0 0 0 0 0 22.62
11 4.0724 37 5 4 0 0 0 1 0 6.63
12 3.6709 58 11 1 0 0 0 0 0 15.80
13 4.3348 130 20 9 3 0 0 0 0 29.99
14 4.5977 92 12 10 2 0 0 0 0 20.01
15 1.9914 80 10 9 3 0 2 0 0 30.13
16 4.7337 48 6 6 0 0 0 0 0 10.14
17 4.1237 52 9 2 1 0 0 0 0 12.61
18 3.8057 47 7 4 0 0 0 0 0 12.35
19 3.6802 39 6 3 0 0 1 0 0 7.88
Printed Jul 31, 2026 16:51:16 ESS - Electronic Scoring System 54 of 65
Rooster Mountain 2026 - Handgun
Printed: Jul 31, 2026 16:51:16
#538 CANDELIER, Xavier
Division Optics Class U Category Senior Factor Minor Squad 34
Stage Factor PTS A C D Ded. MI NS PE Time
1 3.7517 110 19 5 0 0 0 0 0 29.32
2 5.1843 45 8 1 2 0 0 0 0 8.68
3 4.1911 103 17 6 0 0 1 0 0 22.19
4 4.2658 133 20 11 0 0 1 1 0 26.49
5 2.0366 99 18 3 0 0 3 0 1 28.97
6 5.2632 48 7 4 1 0 0 0 0 9.12
7 4.9110 138 21 11 0 0 0 0 0 28.10
8 4.5757 55 11 0 0 0 0 0 0 12.02
9 3.4253 118 23 1 0 0 0 0 0 34.45
10 5.3707 113 22 1 0 0 0 0 0 21.04
11 3.3149 40 8 0 0 0 1 0 0 9.05
12 3.7622 50 8 3 1 0 0 0 0 13.29
13 4.5099 144 26 4 2 0 0 0 0 31.93
14 4.8469 114 21 3 0 0 0 0 0 23.52
15 1.8114 78 9 10 3 0 2 0 0 32.02
16 5.3625 54 9 3 0 0 0 0 0 10.07
17 5.3715 60 12 0 0 0 0 0 0 11.17
18 2.8816 37 4 5 2 0 0 0 0 12.84
19 0.0000 30 4 3 1 0 2 0 1 7.94
#539 Goihl, Andreas
Division Production Optics Class U Category S. Senior Factor Minor Squad 35
Stage Factor PTS A C D Ded. MI NS PE Time
1 2.9754 92 12 10 2 0 0 0 0 30.92
2 2.9310 44 8 1 1 0 1 0 0 11.60
3 3.0365 104 17 6 1 0 0 0 0 34.25
4 2.5042 134 24 4 2 0 2 0 1 41.53
5 3.1190 98 13 11 0 0 0 0 0 31.42
6 3.3693 50 8 3 1 0 0 0 0 14.84
7 3.1528 124 15 16 1 0 0 0 0 39.33
8 1.2940 42 7 2 1 0 1 0 0 24.73
9 2.1593 87 12 8 3 0 1 0 0 35.66
10 2.6753 103 18 4 1 0 0 0 0 38.50
11 3.2333 38 7 1 0 0 1 0 0 8.66
12 2.1483 41 6 3 2 0 1 0 0 14.43
13 3.2672 127 20 8 3 0 1 0 0 35.81
14 3.1997 97 14 9 0 0 1 0 0 27.19
15 1.8275 88 14 5 3 0 2 0 0 37.21
16 5.3305 50 7 5 0 0 0 0 0 9.38
17 3.4864 51 9 2 0 0 1 0 0 11.76
18 1.6915 44 7 3 0 0 1 0 0 20.10
19 2.7907 30 2 6 2 0 0 0 0 10.75
Printed Jul 31, 2026 16:51:16 ESS - Electronic Scoring System 55 of 65
Rooster Mountain 2026 - Handgun
Printed: Jul 31, 2026 16:51:16
#540 Mortensen, Ole
Division Open Class U Category S. Senior Factor Major Squad 39
Stage Factor PTS A C D Ded. MI NS PE Time
1 4.9747 118 22 2 0 0 0 0 0 23.72
2 6.6050 50 8 2 1 0 0 0 0 7.57
3 4.1649 109 19 3 1 0 1 0 0 23.77
4 4.2517 152 26 5 1 0 0 0 0 35.75
5 5.6061 117 21 3 0 0 0 0 0 20.87
6 6.4858 55 7 5 0 0 0 0 0 8.48
7 5.0049 154 26 6 0 0 0 0 0 30.77
8 4.1096 54 10 1 0 0 0 0 0 13.14
9 3.3704 110 18 5 0 0 1 0 0 29.67
10 3.7629 113 21 2 0 0 0 0 0 30.03
11 2.3256 32 4 3 0 0 2 0 0 5.16
12 5.8468 58 10 2 0 0 0 0 0 9.92
13 5.6545 146 22 8 2 0 0 0 0 25.82
14 6.4407 114 18 6 0 0 0 0 0 17.70
15 2.9293 104 14 8 1 0 1 0 0 32.09
16 7.1713 54 8 3 1 0 0 0 0 7.53
17 1.3499 43 7 2 0 0 3 0 0 9.63
18 3.9702 48 6 4 1 0 0 0 0 12.09
19 5.4224 43 5 4 1 0 0 0 0 7.93
#541 Ripperger, Michael
Division Production Class U Category Factor Minor Squad 35
Stage Factor PTS A C D Ded. MI NS PE Time
1 2.5450 99 15 8 0 0 1 0 0 34.97
2 1.7192 34 3 6 1 0 1 0 0 13.96
3 3.0425 106 17 7 0 0 0 0 0 34.84
4 3.4425 133 21 9 1 0 1 0 0 35.73
5 1.6181 85 12 8 1 0 3 0 0 33.99
6 3.3573 56 10 2 0 0 0 0 0 16.68
7 3.4549 126 17 13 2 0 0 0 0 36.47
8 0.6119 41 7 2 0 0 2 0 0 34.32
9 3.3426 96 14 8 2 0 0 0 0 28.72
10 2.9148 91 16 2 5 0 0 0 0 31.22
11 4.6223 41 7 2 0 0 0 0 0 8.87
12 3.3715 50 7 5 0 0 0 0 0 14.83
13 1.5822 99 15 6 6 0 5 0 0 30.97
14 2.7360 81 8 13 2 0 1 0 0 25.95
15 1.3808 75 8 11 2 0 3 0 0 32.59
16 4.2419 54 9 3 0 0 0 0 0 12.73
17 4.3576 58 11 1 0 0 0 0 0 13.31
18 1.9892 37 4 5 2 0 0 0 0 18.60
19 3.2136 34 4 4 2 0 0 0 0 10.58
Printed Jul 31, 2026 16:51:16 ESS - Electronic Scoring System 56 of 65
Rooster Mountain 2026 - Handgun
Printed: Jul 31, 2026 16:51:16
#542 Poolman, Ronald
Division Open Class U Category Senior Factor Major Squad 38
Stage Factor PTS A C D Ded. MI NS PE Time
1 2.8015 105 15 7 1 0 1 0 0 33.91
2 6.2275 52 8 3 0 0 0 0 0 8.35
3 2.9290 102 14 7 2 0 1 0 0 31.41
4 3.8748 150 24 7 1 0 0 2 0 33.55
5 3.8605 114 20 3 1 0 0 0 0 29.53
6 5.5451 59 11 1 0 0 0 0 0 10.64
7 3.8462 137 21 7 2 0 2 0 0 30.42
8 4.6778 53 9 2 0 0 0 0 0 11.33
9 2.3575 99 11 11 0 0 2 0 0 33.51
10 3.8970 109 19 3 1 0 0 0 0 27.97
11 5.6283 43 7 2 0 0 0 0 0 7.64
12 1.4085 43 7 2 0 0 3 0 0 9.23
13 2.6897 135 23 5 0 0 4 0 0 35.32
14 4.7989 105 13 9 2 0 0 0 0 21.88
15 1.9990 104 18 3 1 0 2 0 0 42.02
16 3.0493 44 6 2 3 0 1 0 0 11.15
17 4.5455 56 8 4 0 0 0 0 0 12.32
18 3.0751 52 8 3 0 0 0 0 0 16.91
19 3.5990 42 4 5 1 0 0 0 0 11.67
#545 STETTNISCH, Rainer
Division Production Optics Class U Category S. Senior Factor Minor Squad 35
Stage Factor PTS A C D Ded. MI NS PE Time
1 2.2472 120 24 0 0 0 0 0 0 53.40
2 4.4992 53 10 1 0 0 0 0 0 11.78
3 3.4692 120 24 0 0 0 0 0 0 34.59
4 3.2745 154 29 3 0 0 0 0 0 47.03
5 2.9889 118 23 1 0 0 0 0 0 39.48
6 2.9455 60 12 0 0 0 0 0 0 20.37
7 2.5407 150 27 5 0 0 0 0 0 59.04
8 3.3955 51 10 0 1 0 0 0 0 15.02
9 1.3359 106 20 2 0 0 2 0 1 56.89
10 2.4178 105 21 0 0 0 2 0 1 31.02
11 4.5508 39 7 1 1 0 0 0 0 8.57
12 3.1956 58 11 1 0 0 0 0 0 18.15
13 2.6994 141 24 7 0 0 1 0 0 48.53
14 3.5894 114 21 3 0 0 0 0 0 31.76
15 1.0748 98 17 4 1 0 2 0 0 72.57
16 3.3938 58 11 1 0 0 0 0 0 17.09
17 3.4622 60 12 0 0 0 0 0 0 17.33
18 2.6934 55 11 0 0 0 0 0 0 20.42
19 3.2168 46 8 2 0 0 0 0 0 14.30
Printed Jul 31, 2026 16:51:16 ESS - Electronic Scoring System 57 of 65
Rooster Mountain 2026 - Handgun
Printed: Jul 31, 2026 16:51:16
#547 Backstrom, Mats
Division Standard Class U Category Senior Factor Major Squad 22
Stage Factor PTS A C D Ded. MI NS PE Time
19 6.8116 47 7 3 0 0 0 0 0 6.90
#548 Backstrom, Wille
Division Standard Class U Category Junior Factor Minor Squad 27
Stage Factor PTS A C D Ded. MI NS PE Time
1 3.0094 96 14 8 2 0 0 0 0 31.90
2 5.1619 51 9 2 0 0 0 0 0 9.88
3 2.7862 92 14 6 4 0 0 0 0 33.02
4 3.5286 120 20 5 5 0 2 0 0 28.34
5 2.4455 85 11 10 0 0 3 0 0 22.49
6 4.4994 40 4 6 2 0 0 0 0 8.89
7 2.8867 111 17 7 5 0 3 0 0 28.06
8 2.9160 51 9 2 0 0 0 0 0 17.49
9 2.2146 78 10 8 4 0 2 0 0 26.19
10 3.1778 106 20 2 0 0 1 0 0 30.21
11 3.0842 36 6 2 0 0 1 0 0 8.43
12 1.9872 48 9 1 0 0 2 0 0 14.09
13 4.0369 140 25 4 3 0 0 0 0 34.68
14 3.4529 98 14 9 1 0 0 2 0 22.59
15 2.3939 86 13 6 3 0 2 0 0 27.57
16 3.7910 47 7 4 0 0 1 0 0 9.76
17 3.8770 58 11 1 0 0 0 0 0 14.96
18 3.4605 49 8 3 0 0 0 0 0 14.16
19 3.8191 38 5 4 1 0 0 0 0 9.95
Printed Jul 31, 2026 16:51:16 ESS - Electronic Scoring System 58 of 65
Rooster Mountain 2026 - Handgun
Printed: Jul 31, 2026 16:51:16
#552 Kraling, Andreas
Division Production Class U Category Senior Factor Minor Squad 27
Stage Factor PTS A C D Ded. MI NS PE Time
1 3.3092 96 13 10 1 0 0 0 0 29.01
2 4.3664 51 9 2 0 0 0 0 0 11.68
3 0.0000 10 2 0 0 0 22 0 15 5.62
4 2.7991 135 25 3 1 0 3 0 1 33.94
5 3.0089 88 14 5 3 0 2 0 0 22.60
6 5.6056 56 11 0 1 0 0 0 0 9.99
7 4.6203 146 26 5 1 0 0 0 0 31.60
8 3.4623 51 9 2 0 0 0 0 0 14.73
9 2.2281 97 17 4 0 0 3 0 0 30.07
10 2.9760 108 21 1 0 0 1 0 0 32.93
11 2.4719 32 4 4 0 0 1 0 0 8.90
12 1.7749 51 9 2 0 0 1 0 0 23.10
13 3.0100 129 23 4 2 0 3 0 0 32.89
14 4.9166 112 21 2 1 0 0 0 0 22.78
15 1.6440 90 15 4 3 0 2 0 0 42.58
16 5.4565 52 8 4 0 0 0 0 0 9.53
17 5.0523 58 11 1 0 0 0 0 0 11.48
18 2.3970 42 7 2 1 0 1 0 0 13.35
19 5.3613 46 9 0 1 0 0 0 0 8.58
#553 Hassenkamm, Nicolai
Division Standard Class U Category Factor Minor Squad 41
Stage Factor PTS A C D Ded. MI NS PE Time
1 3.1351 116 22 2 0 0 0 0 0 37.00
2 4.0264 55 11 0 0 0 0 0 0 13.66
3 4.2600 116 22 2 0 0 0 0 0 27.23
4 3.6715 152 29 2 1 0 0 0 0 41.40
5 3.6472 110 20 3 1 0 0 0 0 30.16
6 3.9688 56 10 2 0 0 0 0 0 14.11
7 3.3362 154 29 3 0 0 0 0 0 46.16
8 3.6612 51 9 2 0 0 0 0 0 13.93
9 2.9883 110 19 5 0 0 0 0 0 36.81
10 2.8161 106 20 2 0 0 1 0 0 34.09
11 2.8951 34 5 3 0 0 1 0 0 8.29
12 2.5746 54 9 3 0 0 0 1 0 17.09
13 3.6761 143 26 4 1 0 1 0 0 36.18
14 4.0568 100 15 8 1 0 0 0 0 24.65
15 1.4941 96 18 2 0 0 4 0 0 37.48
16 3.6851 54 9 3 0 0 0 1 0 11.94
17 3.8610 60 12 0 0 0 0 0 0 15.54
18 2.8841 55 11 0 0 0 0 0 0 19.07
19 4.4920 42 7 2 1 0 0 0 0 9.35
Printed Jul 31, 2026 16:51:16 ESS - Electronic Scoring System 59 of 65
Rooster Mountain 2026 - Handgun
Printed: Jul 31, 2026 16:51:16
#554 Denwood, Daniel
Division Open Class U Category Senior Factor Major Squad 33
Stage Factor PTS A C D Ded. MI NS PE Time
1 3.6762 109 17 6 0 0 1 0 0 26.93
2 5.3224 52 10 0 1 0 0 0 0 9.77
3 3.1998 107 15 7 2 0 0 0 0 33.44
4 5.1567 153 25 7 0 0 0 0 0 29.67
5 3.4763 97 13 7 2 0 2 0 0 22.15
6 7.0064 55 7 5 0 0 0 0 0 7.85
7 5.6575 148 20 12 0 0 0 0 0 26.16
8 4.2623 52 10 0 1 0 0 0 0 12.20
9 3.0565 95 11 8 4 0 1 0 0 27.81
10 5.2813 102 16 5 1 0 1 0 0 17.42
11 6.2500 43 7 2 0 0 0 0 0 6.88
12 4.3375 55 7 5 0 0 0 0 0 12.68
13 4.9419 146 24 6 1 0 1 0 0 27.52
14 2.1910 89 11 8 1 0 4 0 1 17.80
15 2.1542 94 12 8 1 0 3 0 0 29.71
16 3.5047 55 7 5 0 0 0 1 0 12.84
17 5.7344 57 9 3 0 0 0 0 0 9.94
18 3.4829 52 8 3 0 0 0 0 0 14.93
19 5.2304 42 4 5 1 0 0 0 0 8.03
#555 Andersson, Ronja
Division Optics Class U Category Junior Factor Minor Squad 27
Stage Factor PTS A C D Ded. MI NS PE Time
1 2.1544 100 17 5 0 0 2 0 2 27.85
2 0.4338 38 7 1 0 0 3 0 0 18.44
3 0.0000 57 7 7 1 0 9 0 0 37.91
4 4.4158 144 24 8 0 0 0 0 0 32.61
5 1.2508 87 14 5 2 0 3 1 1 29.58
6 4.8677 46 7 3 2 0 0 0 0 9.45
7 3.8068 134 21 9 2 0 0 0 0 35.20
8 4.3205 55 11 0 0 0 0 0 0 12.73
9 2.6266 93 13 9 1 0 1 0 0 31.60
10 3.5352 115 23 0 0 0 0 0 0 32.53
11 1.4047 36 6 2 0 0 1 1 0 11.39
12 3.5669 56 10 2 0 0 0 0 0 15.70
13 4.2981 154 29 3 0 0 0 0 0 35.83
14 4.9113 108 19 4 1 0 0 0 0 21.99
15 2.2262 97 15 7 1 0 1 0 0 39.08
16 5.4528 56 10 2 0 0 0 0 0 10.27
17 4.9221 60 12 0 0 0 0 0 0 12.19
18 3.7145 51 9 2 0 0 0 0 0 13.73
19 4.2553 42 6 4 0 0 0 0 0 9.87
Printed Jul 31, 2026 16:51:16 ESS - Electronic Scoring System 60 of 65
Rooster Mountain 2026 - Handgun
Printed: Jul 31, 2026 16:51:16
#556 Pickering, Christopher
Division Standard Class U Category Factor Minor Squad 34
Stage Factor PTS A C D Ded. MI NS PE Time
1 2.1407 100 17 5 0 0 2 0 1 32.70
2 3.0803 48 9 1 0 0 1 1 0 9.09
3 3.3372 114 21 3 0 0 0 0 0 34.16
4 3.3773 143 26 4 1 0 1 0 0 39.38
5 3.8974 114 21 3 0 0 0 0 0 29.25
6 3.9688 56 10 2 0 0 0 0 0 14.11
7 3.9685 146 25 7 0 0 0 0 0 36.79
8 3.9200 49 9 1 1 0 0 0 0 12.50
9 2.9016 112 20 4 0 0 0 0 0 38.60
10 3.8689 111 21 2 0 0 0 0 0 28.69
11 4.9396 45 9 0 0 0 0 0 0 9.11
12 2.8914 51 9 2 0 0 1 0 0 14.18
13 3.0913 139 24 6 1 0 1 0 0 41.73
14 3.4329 100 14 10 0 0 0 0 0 29.13
15 1.5612 85 11 10 0 0 3 0 0 35.23
16 4.7855 58 11 1 0 0 0 0 0 12.12
17 4.7657 60 12 0 0 0 0 0 0 12.59
18 2.4482 39 4 6 1 0 0 0 0 15.93
19 4.6904 50 10 0 0 0 0 0 0 10.66
#559 Lerfeldt, Henrik
Division Open Class U Category S. Senior Factor Major Squad 41
Stage Factor PTS A C D Ded. MI NS PE Time
1 4.1334 114 18 6 0 0 0 0 0 27.58
2 5.9524 55 11 0 0 0 0 0 0 9.24
3 4.6977 115 19 5 0 0 0 0 0 24.48
4 5.5139 147 23 7 2 0 0 0 0 26.66
5 4.4556 115 19 5 0 0 0 0 0 25.81
6 5.9487 58 10 2 0 0 0 0 0 9.75
7 4.6015 153 25 7 0 0 0 0 0 33.25
8 5.1985 55 11 0 0 0 0 0 0 10.58
9 2.5548 102 14 7 2 0 1 0 0 36.01
10 5.7751 114 22 1 0 0 0 0 0 19.74
11 1.9262 32 6 0 1 0 2 0 0 6.23
12 4.0138 58 10 2 0 0 0 0 0 14.45
13 4.1642 148 26 4 1 0 1 0 0 33.14
14 4.9911 112 16 8 0 0 0 0 0 22.44
15 1.4770 91 13 6 1 0 4 0 0 34.53
16 6.0538 54 8 3 1 0 0 0 0 8.92
17 4.8193 60 12 0 0 0 0 0 0 12.45
18 2.7837 52 8 3 0 0 0 0 0 18.68
19 5.1903 45 7 2 1 0 0 0 0 8.67
Printed Jul 31, 2026 16:51:16 ESS - Electronic Scoring System 61 of 65
Rooster Mountain 2026 - Handgun
Printed: Jul 31, 2026 16:51:16
#564 Iversen, Tim
Division Optics Class U Category Factor Minor Squad 20
Stage Factor PTS A C D Ded. MI NS PE Time
1 3.8820 100 16 6 2 0 0 0 0 25.76
2 7.1014 49 8 3 0 0 0 0 0 6.90
3 3.4069 108 21 1 0 0 2 0 0 25.83
4 5.2133 154 29 3 0 0 0 0 0 29.54
5 4.8292 106 17 7 0 0 0 0 0 21.95
6 5.3179 46 6 5 1 0 0 0 0 8.65
7 4.3253 135 23 6 2 0 1 0 0 28.90
8 3.8596 55 11 0 0 0 0 0 0 14.25
9 2.6437 106 18 5 1 0 0 0 2 32.53
10 4.6983 109 20 3 0 0 0 0 0 23.20
11 6.1080 43 8 1 0 0 0 0 0 7.04
12 3.8690 52 8 4 0 0 0 0 0 13.44
13 5.6895 144 24 8 0 0 0 0 0 25.31
14 5.3699 98 14 9 1 0 0 0 0 18.25
15 0.7418 70 8 9 3 0 4 0 1 26.96
16 4.9751 50 7 5 0 0 0 0 0 10.05
17 5.5914 52 8 4 0 0 0 0 0 9.30
18 3.2082 53 10 1 0 0 0 0 0 16.52
19 4.6030 40 5 5 0 0 0 0 0 8.69
#565 Jørgensen, Camilla
Division Production Optics Class U Category Lady Factor Minor Squad 20
Stage Factor PTS A C D Ded. MI NS PE Time
1 0.9103 94 14 8 0 0 2 1 0 70.31
2 1.4775 47 7 4 0 0 0 0 0 31.81
3 1.2557 102 18 4 0 0 2 1 0 57.34
4 1.3488 125 21 6 2 0 3 0 1 63.02
5 1.3363 90 15 4 3 0 2 0 1 44.90
6 2.0769 54 9 3 0 0 0 0 0 26.00
7 1.2553 120 15 15 0 0 2 0 0 79.66
8 0.4585 41 7 2 0 0 2 0 0 45.80
9 1.1606 97 14 9 0 0 1 0 0 74.96
10 1.9928 105 18 5 0 0 0 0 0 52.69
11 0.0000 25 5 0 0 0 4 0 0 12.56
12 1.3628 47 8 2 1 0 1 0 0 27.15
13 1.3386 111 17 7 5 0 3 0 0 60.51
14 1.3955 87 12 8 3 0 1 1 0 48.01
15 0.5887 76 10 8 2 0 4 0 0 61.15
16 1.8990 51 9 2 0 0 1 0 0 21.59
17 1.0281 56 10 2 0 0 0 0 0 54.47
18 1.2048 46 8 2 0 0 1 0 1 21.58
19 1.6290 44 8 1 1 0 0 0 0 27.01
Printed Jul 31, 2026 16:51:16 ESS - Electronic Scoring System 62 of 65
Rooster Mountain 2026 - Handgun
Printed: Jul 31, 2026 16:51:16
#566 Jakobsen, Dennis Kastrup
Division Production Optics Class U Category Senior Factor Minor Squad 41
Stage Factor PTS A C D Ded. MI NS PE Time
1 2.4924 96 15 7 0 0 2 0 1 26.48
2 4.1586 53 10 1 0 0 0 1 0 10.34
3 4.3534 102 16 7 1 0 0 0 0 23.43
4 5.8847 148 26 6 0 0 0 0 0 25.15
5 4.7029 110 20 3 1 0 0 0 0 23.39
6 5.1518 56 10 2 0 0 0 0 0 10.87
7 4.6203 146 25 7 0 0 0 0 0 31.60
8 3.5762 53 10 1 0 0 0 0 0 14.82
9 3.4232 94 12 11 1 0 0 0 0 27.46
10 4.5045 105 18 5 0 0 0 0 0 23.31
11 2.5221 40 8 0 0 0 1 1 0 7.93
12 2.9635 49 8 3 0 0 1 0 0 13.16
13 4.5711 146 26 5 1 0 0 0 0 31.94
14 3.7422 108 18 6 0 0 0 0 0 28.86
15 1.5267 86 15 3 2 0 4 0 0 30.13
16 6.6593 60 12 0 0 0 0 0 0 9.01
17 5.4581 56 11 0 1 0 0 0 0 10.26
18 3.1394 41 4 7 0 0 0 0 0 13.06
19 4.1110 40 6 3 1 0 0 0 0 9.73
#569 Rinaldo, Mathias
Division Optics Class U Category Senior Factor Major Squad 27
Stage Factor PTS A C D Ded. MI NS PE Time
1 4.0667 110 18 5 0 0 1 0 0 24.59
2 6.8323 55 11 0 0 0 0 0 0 8.05
3 4.6184 118 22 2 0 0 0 0 0 25.55
4 6.2806 154 26 6 0 0 0 0 0 24.52
5 3.5569 114 18 6 0 0 0 0 0 32.05
6 5.7617 59 11 1 0 0 0 0 0 10.24
7 4.1560 146 20 11 1 0 0 0 0 35.13
8 5.6522 52 8 3 0 0 0 0 0 9.20
9 4.0809 111 17 6 1 0 0 0 0 27.20
10 4.9202 111 19 4 0 0 0 0 0 22.56
11 7.5044 43 7 2 0 0 0 0 0 5.73
12 4.3633 59 11 1 0 0 0 1 0 11.23
13 5.1707 156 30 1 1 0 0 0 0 30.17
14 4.4106 107 15 7 2 0 0 0 0 24.26
15 3.0116 112 18 5 1 0 0 0 0 37.19
16 7.1170 59 11 1 0 0 0 0 0 8.29
17 5.6585 58 10 2 0 0 0 0 0 10.25
18 3.5124 51 7 4 0 0 0 0 0 14.52
19 6.0075 48 8 2 0 0 0 0 0 7.99
Printed Jul 31, 2026 16:51:16 ESS - Electronic Scoring System 63 of 65
Rooster Mountain 2026 - Handgun
Printed: Jul 31, 2026 16:51:16
#570 Rinaldo, Hugo
Division Production Optics Class U Category Factor Major Squad 27
Stage Factor PTS A C D Ded. MI NS PE Time
1 5.9072 112 16 8 0 0 0 0 0 18.96
2 8.6207 55 11 0 0 0 0 0 0 6.38
3 5.5264 116 22 1 1 0 0 0 0 20.99
4 7.3786 152 26 5 1 0 0 0 0 20.60
5 5.3753 111 19 3 2 0 0 0 0 20.65
6 7.9622 59 11 1 0 0 0 0 0 7.41
7 6.1404 154 26 6 0 0 0 0 0 25.08
8 6.9708 55 11 0 0 0 0 0 0 7.89
9 5.0000 112 16 8 0 0 0 0 0 22.40
10 7.2078 111 21 1 1 0 0 0 0 15.40
11 7.9922 41 5 4 0 0 0 0 0 5.13
12 5.5291 58 10 2 0 0 0 0 0 10.49
13 6.0522 153 27 4 1 0 0 0 0 25.28
14 7.1209 116 20 4 0 0 0 0 0 16.29
15 3.2780 103 15 7 0 0 2 0 0 25.32
16 6.9212 58 10 2 0 0 0 0 0 8.38
17 7.0560 58 10 2 0 0 0 0 0 8.22
18 4.1736 50 8 2 1 0 0 0 0 11.98
19 8.0460 49 9 1 0 0 0 0 0 6.09
#574 Simony, Christian
Division Optics Class U Category Senior Factor Minor Squad 38
Stage Factor PTS A C D Ded. MI NS PE Time
1 3.1222 104 17 6 1 0 0 0 0 33.31
2 4.0089 46 8 2 0 0 1 0 0 8.98
3 2.4808 116 22 2 0 0 0 0 0 46.76
4 3.6471 148 26 6 0 0 0 0 0 40.58
5 3.8474 116 22 2 0 0 0 0 0 30.15
6 4.2918 50 7 5 0 0 0 0 0 11.65
7 3.5136 152 28 4 0 0 0 0 0 43.26
8 1.3478 46 8 2 0 0 1 0 0 26.71
9 2.8902 110 19 5 0 0 0 0 0 38.06
10 5.0988 111 21 2 0 0 0 0 0 21.77
11 4.3817 45 9 0 0 0 0 0 0 10.27
12 3.5248 54 9 3 0 0 0 0 0 15.32
13 4.0589 146 25 7 0 0 0 0 0 35.97
14 3.3083 110 20 3 1 0 0 0 0 33.25
15 1.3455 90 15 5 0 0 4 0 0 37.16
16 4.9209 56 10 2 0 0 0 0 0 11.38
17 4.3177 56 10 2 0 0 0 0 0 12.97
18 1.8843 53 10 1 0 0 0 1 0 22.82
19 4.4715 44 7 3 0 0 0 0 0 9.84
Printed Jul 31, 2026 16:51:16 ESS - Electronic Scoring System 64 of 65
Rooster Mountain 2026 - Handgun
Printed: Jul 31, 2026 16:51:16
#575 Jarlson, Rasmus
Division Optics Class U Category Factor Minor Squad 33
Stage Factor PTS A C D Ded. MI NS PE Time
1 3.4448 102 16 7 1 0 0 0 0 29.61
2 5.0000 45 7 3 1 0 0 0 0 9.00
3 4.9630 114 22 1 1 0 0 0 0 22.97
4 4.4023 144 25 6 1 0 0 0 0 32.71
5 4.3981 114 21 3 0 0 0 0 0 25.92
6 4.4209 50 8 3 1 0 0 0 0 11.31
7 4.1208 146 25 7 0 0 0 0 0 35.43
8 4.9074 53 10 1 0 0 0 0 0 10.80
9 3.6339 106 17 7 0 0 0 0 0 29.17
10 3.1503 113 22 1 0 0 0 0 0 35.87
11 0.0000 29 4 3 0 0 2 0 1 8.59
12 3.9753 55 11 0 0 0 1 0 0 11.32
13 4.5346 143 26 4 1 0 1 0 0 29.33
14 4.4331 104 18 4 2 0 0 0 0 23.46
15 3.1974 98 15 7 2 0 0 0 0 30.65
16 5.6485 54 9 3 0 0 0 0 0 9.56
17 4.7178 56 10 2 0 0 0 0 0 11.87
18 3.1716 51 9 2 0 0 0 0 0 16.08
19 4.3265 44 7 3 0 0 0 0 0 10.17
Printed Jul 31, 2026 16:51:16 ESS - Electronic Scoring System 65 of 65